Virus name	Accession ID	Collection date	Location	Host	Passage	Specimen	Additional host information	Sampling strategy	Sequencing technology	Assembly method	Comment	Comment type	Lineage	Clade	AA Substitutions
hCoV-19/France/BRE-CERBAHC-01860958/2022	EPI_ISL_10004750	2022-01-24	Europe / France / Bretagne	Human	Original	Nasopharyngeal swab		random surveillance	Illumina	Nanoware, Life and Soft	Gap of 5 nucleotide(s) found at refpos 11287 (Frameshift confirmed by the submitter). Gap of 5 nucleotide(s) at refpos 11287 was previously seen. Gap of 8 nucleotide(s) found at refpos 28363 (Frameshift confirmed by the submitter). Gap of 34 nucleotides when compared to the reference WIV04 sequence.	info	BA.1	GRA	(NSP5_P132H,Spike_H69del,Spike_T95I,Spike_A67V,Spike_S373P,Spike_Q493R,Spike_N969K,Spike_H655Y,Spike_N856K,N_R203K,Spike_G142D,NSP3_A1892T,Spike_Q954H,N_P13L,NSP3_L1266I,Spike_N501Y,M_Q19E,Spike_N440K,NSP4_T492I,Spike_N679K,Spike_N764K,Spike_L212I,NSP6_G107del,Spike_Y505H,NSP6_I189V,Spike_T547K,M_D3G,Spike_D796Y,N_G204R,Spike_T478K,Spike_V143del,M_A63T,Spike_G496S,NSP6_S106del,Spike_S371L,Spike_G339D,NSP3_S1265del,NSP14_I42V,Spike_P681H,Spike_Y144del,Spike_S375F,Spike_Q498R,Spike_S477N,NSP3_K38R,Spike_N211del,Spike_E484A,E_T9I,Spike_V70del,Spike_L981F,NSP12_P323L,Spike_D614G,Spike_Y145del)
hCoV-19/France/HDF-CERBAHC-02104657/2022	EPI_ISL_10007035	2022-02-07	Europe / France / Hauts-de-France	Human	Original	Nasopharyngeal swab		random surveillance	Illumina	Nanoware, Life and Soft	Gap of 5 nucleotide(s) found at refpos 11287 (Frameshift confirmed by submitter). Gap of 5 nucleotide(s) at refpos 11287 was previously seen. Gap of 8 nucleotide(s) found at refpos 28363 (Frameshift confirmed by submitter). Gap of 34 nucleotides when compared to the reference WIV04 sequence.	info	BA.1	GRA	(NSP5_P132H,Spike_H69del,Spike_T95I,Spike_A67V,Spike_S373P,Spike_Q493R,Spike_N969K,Spike_H655Y,Spike_N856K,N_R203K,Spike_G142D,NSP3_A1892T,Spike_Q954H,N_P13L,NSP3_L1266I,Spike_N501Y,M_Q19E,Spike_N440K,NSP4_T492I,Spike_N679K,Spike_N764K,Spike_L212I,NSP6_G107del,Spike_Y505H,NSP6_I189V,Spike_T547K,M_D3G,Spike_D796Y,N_G204R,Spike_T478K,Spike_V143del,M_A63T,Spike_G496S,Spike_K417N,NSP6_S106del,N_P67S,Spike_S371L,Spike_G339D,NSP3_S1265del,NSP3_M951V,NSP14_I42V,Spike_P681H,Spike_Y144del,Spike_S375F,Spike_Q498R,Spike_G446S,Spike_S477N,NSP3_K38R,Spike_N211del,Spike_E484A,E_T9I,Spike_V70del,Spike_L981F,NSP12_P323L,Spike_D614G,Spike_Y145del)
hCoV-19/France/IDF-CERBAHC-01833533/2022	EPI_ISL_10021313	2022-01-24	Europe / France / Ile-de-France	Human	Original	Nasopharyngeal swab		random surveillance	Illumina	Nanoware, Life and Soft	Gap of 5 nucleotide(s) found at refpos 11287 (Frameshift confirmed by submitter). Gap of 5 nucleotide(s) at refpos 11287 was previously seen. Gap of 8 nucleotide(s) found at refpos 28363 (Frameshift confirmed by submitter). Gap of 34 nucleotides when compared to the reference WIV04 sequence.	info	BA.1	GRA	(NSP5_P132H,Spike_H69del,Spike_T95I,Spike_A67V,Spike_S373P,Spike_Q493R,Spike_N969K,Spike_H655Y,Spike_N856K,N_R203K,Spike_G142D,NSP3_A1892T,Spike_Q954H,N_P13L,NSP3_L1266I,Spike_N501Y,M_Q19E,Spike_N440K,NSP4_T492I,Spike_N679K,Spike_N764K,Spike_L212I,NSP6_G107del,Spike_Y505H,NSP6_I189V,Spike_T547K,M_D3G,Spike_D796Y,N_G204R,Spike_T478K,Spike_V143del,M_A63T,Spike_G496S,NSP13_R392C,Spike_K417N,NSP6_S106del,Spike_S371L,Spike_G339D,NSP3_S1265del,NSP14_I42V,Spike_P681H,Spike_Y144del,Spike_S375F,Spike_Q498R,Spike_G446S,Spike_S477N,Spike_G1223C,NSP3_K38R,Spike_N211del,Spike_E484A,E_T9I,Spike_V70del,Spike_L981F,NSP12_P323L,Spike_D614G,Spike_Y145del)
hCoV-19/France/IDF-CERBAHC-01515689/2022	EPI_ISL_10312295	2022-01-10	Europe / France / Ile-de-France	Human	Original	Nasopharyngeal swab		random surveillance	Illumina	Nanoware, Life and Soft	Gap of 5 nucleotide(s) found at refpos 11287 (Frameshift confirmed by the submitter). Gap of 5 nucleotide(s) at refpos 11287 was previously seen. Gap of 8 nucleotide(s) found at refpos 28363 (Frameshift confirmed by the submitter). Gap of 34 nucleotides when compared to the reference WIV04 sequence.	info	BA.1	GRA	(NSP5_P132H,Spike_H69del,Spike_T95I,Spike_A67V,Spike_S373P,Spike_Q493R,Spike_N969K,Spike_H655Y,Spike_N856K,N_R203K,Spike_G142D,NSP3_A1892T,Spike_Q954H,N_P13L,NSP3_L1266I,Spike_N501Y,M_Q19E,NSP4_T492I,Spike_N679K,Spike_N764K,Spike_L212I,NSP6_G107del,Spike_Y505H,NSP6_I189V,Spike_T547K,M_D3G,Spike_D796Y,N_G204R,Spike_T478K,Spike_V143del,M_A63T,Spike_G496S,NSP6_S106del,Spike_S371L,Spike_G339D,NSP3_S1265del,NSP14_I42V,Spike_P681H,Spike_Y144del,Spike_S375F,Spike_Q498R,Spike_S477N,NSP3_K38R,Spike_N211del,Spike_E484A,E_T9I,Spike_V70del,NSP13_T530I,Spike_L981F,NSP12_P323L,Spike_D614G,Spike_Y145del)
hCoV-19/France/IDF-CERBAHC-01515733/2022	EPI_ISL_10312299	2022-01-10	Europe / France / Ile-de-France	Human	Original	Nasopharyngeal swab		random surveillance	Illumina	Nanoware, Life and Soft	Gap of 5 nucleotide(s) found at refpos 11287 (Frameshift confirmed by the submitter). Gap of 5 nucleotide(s) at refpos 11287 was previously seen. Gap of 8 nucleotide(s) found at refpos 28363 (Frameshift confirmed by the submitter). Gap of 34 nucleotides when compared to the reference WIV04 sequence.	info	BA.1	GRA	(NSP5_P132H,Spike_H69del,Spike_T95I,Spike_A67V,Spike_S373P,Spike_Q493R,Spike_N969K,Spike_H655Y,Spike_N856K,N_R203K,Spike_G142D,NSP3_A1892T,Spike_Q954H,N_P13L,NSP3_L1266I,Spike_N501Y,M_Q19E,NSP4_T492I,NSP10_S129N,Spike_N679K,Spike_N764K,Spike_L212I,NSP6_G107del,Spike_Y505H,NSP6_I189V,Spike_T547K,M_D3G,Spike_D796Y,N_G204R,Spike_T478K,Spike_V143del,M_A63T,Spike_G496S,NSP6_S106del,Spike_S371L,Spike_G339D,NSP9_Q49H,NSP3_S1265del,NSP14_I42V,Spike_P681H,Spike_Y144del,Spike_S375F,Spike_Q498R,Spike_S477N,NSP3_K38R,Spike_N211del,Spike_E484A,E_T9I,Spike_V70del,Spike_L981F,NSP12_P323L,Spike_D614G,Spike_Y145del)
hCoV-19/France/IDF-CERBAHC-01515757/2022	EPI_ISL_10312300	2022-01-08	Europe / France / Ile-de-France	Human	Original	Nasopharyngeal swab		random surveillance	Illumina	Nanoware, Life and Soft	Gap of 5 nucleotide(s) found at refpos 11287 (Frameshift confirmed by the submitter). Gap of 5 nucleotide(s) at refpos 11287 was previously seen. Gap of 8 nucleotide(s) found at refpos 28363 (Frameshift confirmed by the submitter). Gap of 34 nucleotides when compared to the reference WIV04 sequence.	info	BA.1	GRA	(NSP5_P132H,Spike_H69del,Spike_T95I,Spike_A67V,Spike_S373P,Spike_Q493R,Spike_N969K,Spike_H655Y,Spike_N856K,N_R203K,Spike_G142D,NSP3_A1892T,Spike_Q954H,N_P13L,NSP3_L1266I,Spike_N501Y,M_Q19E,NSP4_T492I,Spike_N679K,Spike_N764K,Spike_L212I,NSP6_G107del,Spike_Y505H,NSP6_I189V,Spike_T547K,M_D3G,Spike_D796Y,N_G204R,Spike_T478K,Spike_V143del,M_A63T,Spike_G496S,NSP6_S106del,Spike_S371L,Spike_G339D,NSP3_S1265del,NSP14_I42V,Spike_P681H,Spike_Y144del,Spike_S375F,Spike_Q498R,Spike_S477N,NSP3_K38R,Spike_N211del,Spike_E484A,E_T9I,Spike_V70del,Spike_L981F,NSP12_P323L,Spike_D614G,Spike_Y145del)
hCoV-19/France/IDF-CERBAHC-01515708/2022	EPI_ISL_10312313	2022-01-10	Europe / France / Ile-de-France	Human	Original	Nasopharyngeal swab		random surveillance	Illumina	Nanoware, Life and Soft	Gap of 5 nucleotide(s) found at refpos 513 (Frameshift confirmed by the submitter). Gap of 5 nucleotide(s) at refpos 513 was previously seen. Gap of 5 nucleotide(s) found at refpos 11287 (Frameshift confirmed by the submitter). Gap of 5 nucleotide(s) at refpos 11287 was previously seen. Gap of 8 nucleotide(s) found at refpos 28363 (Frameshift confirmed by the submitter). Gap of 39 nucleotides when compared to the reference WIV04 sequence.	info	BA.1	GRA	(NSP5_P132H,Spike_H69del,Spike_T95I,Spike_A67V,Spike_S373P,Spike_Q493R,Spike_N969K,Spike_H655Y,Spike_N856K,N_R203K,Spike_G142D,NSP3_A1892T,Spike_Q954H,N_P13L,NSP3_L1266I,Spike_N501Y,M_Q19E,NSP4_T492I,Spike_N679K,Spike_N764K,Spike_L212I,NSP6_G107del,Spike_Y505H,NSP6_I189V,Spike_T547K,M_D3G,Spike_D796Y,N_G204R,Spike_T478K,Spike_V143del,M_A63T,Spike_G496S,NSP6_S106del,Spike_S371L,Spike_G339D,NSP3_S1265del,NSP14_I42V,Spike_P681H,Spike_Y144del,Spike_S375F,Spike_Q498R,Spike_S477N,NSP3_K38R,Spike_N211del,Spike_E484A,E_T9I,Spike_V70del,Spike_L981F,NSP12_P323L,Spike_D614G,Spike_Y145del)
hCoV-19/France/IDF-CERBAHC-12270527/2021	EPI_ISL_10314156	2021-12-27	Europe / France / Ile-de-France	Human	Original	Nasopharyngeal swab		random surveillance	Illumina	Nanoware, Life and Soft	Gap of 5 nucleotide(s) found at refpos 11287 (Frameshift confirmed by submitter). Gap of 5 nucleotide(s) at refpos 11287 was previously seen. Gap of 8 nucleotide(s) found at refpos 28363 (Frameshift confirmed by submitter). Gap of 34 nucleotides when compared to the reference WIV04 sequence.	info	BA.1	GRA	(NSP5_P132H,Spike_H69del,Spike_T95I,Spike_A67V,Spike_S373P,Spike_Q493R,Spike_N969K,Spike_H655Y,Spike_N856K,N_R203K,Spike_G142D,NSP3_A1892T,Spike_Q954H,N_P13L,NSP3_L1266I,Spike_N501Y,M_Q19E,NSP4_T492I,Spike_N679K,Spike_N764K,Spike_L212I,NSP6_G107del,Spike_Y505H,NSP6_I189V,Spike_T547K,M_D3G,Spike_D796Y,N_G204R,Spike_T478K,Spike_V143del,M_A63T,Spike_G496S,NSP6_S106del,Spike_S371L,Spike_G339D,NSP3_S1265del,NSP14_I42V,Spike_P681H,Spike_Y144del,Spike_S375F,Spike_Q498R,Spike_S477N,NSP4_V94A,NSP3_K38R,Spike_N211del,Spike_E484A,E_T9I,Spike_V70del,Spike_L981F,NSP12_P323L,Spike_D614G,NSP12_F694Y,Spike_Y145del)
hCoV-19/France/IDF-CERBAHC-12270633/2021	EPI_ISL_10314159	2021-12-27	Europe / France / Ile-de-France	Human	Original	Nasopharyngeal swab		random surveillance	Illumina	Nanoware, Life and Soft	Gap of 5 nucleotide(s) found at refpos 11287 (Frameshift confirmed by submitter). Gap of 5 nucleotide(s) at refpos 11287 was previously seen. Gap of 8 nucleotide(s) found at refpos 28363 (Frameshift confirmed by submitter). Gap of 34 nucleotides when compared to the reference WIV04 sequence.	info	BA.1	GRA	(NSP5_P132H,Spike_H69del,Spike_T95I,Spike_A67V,Spike_S373P,Spike_Q493R,Spike_N969K,Spike_H655Y,Spike_N856K,N_R203K,Spike_G142D,NSP3_A1892T,Spike_Q954H,N_P13L,NSP3_L1266I,Spike_N501Y,M_Q19E,NSP4_T492I,Spike_N679K,Spike_N764K,Spike_L212I,NSP6_G107del,Spike_Y505H,NSP6_I189V,Spike_T547K,M_D3G,Spike_D796Y,N_G204R,Spike_T478K,Spike_V143del,M_A63T,Spike_G496S,NSP6_S106del,Spike_S371L,Spike_G339D,NSP3_S1265del,NSP14_I42V,Spike_P681H,Spike_Y144del,Spike_S375F,Spike_Q498R,Spike_S477N,NSP3_K38R,Spike_N211del,Spike_E484A,E_T9I,Spike_V70del,Spike_L981F,NSP12_P323L,Spike_D614G,Spike_Y145del)
hCoV-19/France/PAC-CERBAHC-01431171/2022	EPI_ISL_10314479	2022-01-03	Europe / France / Provence-Alpes-Cote d’Azur	Human	Original	Nasopharyngeal swab		random surveillance	Illumina	Nanoware, Life and Soft	Gap of 5 nucleotide(s) found at refpos 11287 (Frameshift confirmed by the submitter). Gap of 5 nucleotide(s) at refpos 11287 was previously seen. Gap of 8 nucleotide(s) found at refpos 28363 (Frameshift confirmed by the submitter). Gap of 34 nucleotides when compared to the reference WIV04 sequence.	info	BA.1	GRA	(NSP5_P132H,Spike_H69del,Spike_T95I,Spike_A67V,Spike_S373P,Spike_Q493R,Spike_N969K,Spike_H655Y,Spike_N856K,N_R203K,Spike_G142D,NSP3_A1892T,Spike_Q954H,N_P13L,NSP3_L1266I,Spike_N501Y,M_Q19E,NSP4_T492I,Spike_N679K,Spike_N764K,Spike_L212I,NSP6_G107del,Spike_Y505H,NSP6_I189V,Spike_T547K,M_D3G,Spike_D796Y,N_G204R,Spike_T478K,Spike_V143del,M_A63T,Spike_G496S,NSP6_S106del,Spike_S371L,Spike_G339D,NSP3_S1265del,NSP14_I42V,Spike_P681H,Spike_Y144del,Spike_S375F,Spike_Q498R,Spike_S477N,NSP3_K38R,Spike_N211del,Spike_E484A,E_T9I,Spike_V70del,Spike_L981F,NSP12_P323L,Spike_D614G,Spike_Y145del)
hCoV-19/France/BFC-CERBAHC-01537403/2022	EPI_ISL_10314494	2022-01-10	Europe / France / Bourgogne-Franche-Comte	Human	Original	Nasopharyngeal swab		random surveillance	Illumina	Nanoware, Life and Soft	Gap of 5 nucleotide(s) found at refpos 11287 (Frameshift confirmed by the submitter). Gap of 5 nucleotide(s) at refpos 11287 was previously seen. Gap of 8 nucleotide(s) found at refpos 28363 (Frameshift confirmed by the submitter). Gap of 34 nucleotides when compared to the reference WIV04 sequence.	info	BA.1	GRA	(NSP5_P132H,Spike_H69del,Spike_T95I,Spike_A67V,Spike_S373P,Spike_Q493R,Spike_N969K,Spike_H655Y,Spike_N856K,N_R203K,Spike_G142D,NSP3_A1892T,Spike_Q954H,N_P13L,NSP3_L1266I,Spike_N501Y,M_Q19E,NSP4_T492I,Spike_N679K,Spike_N764K,Spike_L212I,NSP6_G107del,Spike_Y505H,NSP6_I189V,Spike_T547K,M_D3G,Spike_D796Y,N_G204R,Spike_T478K,Spike_V143del,M_A63T,Spike_G496S,NSP6_S106del,Spike_S371L,Spike_G339D,NSP3_S1265del,NSP14_I42V,Spike_P681H,Spike_Y144del,Spike_S375F,Spike_Q498R,Spike_S477N,NSP3_K38R,Spike_N211del,Spike_E484A,E_T9I,Spike_V70del,Spike_L981F,NSP12_P323L,Spike_D614G,Spike_Y145del)
hCoV-19/France/BFC-CERBAHC-01537826/2022	EPI_ISL_10314501	2022-01-10	Europe / France / Bourgogne-Franche-Comte	Human	Original	Nasopharyngeal swab		random surveillance	Illumina	Nanoware, Life and Soft	Gap of 5 nucleotide(s) found at refpos 11287 (Frameshift confirmed by the submitter). Gap of 5 nucleotide(s) at refpos 11287 was previously seen. Gap of 8 nucleotide(s) found at refpos 28363 (Frameshift confirmed by the submitter). Gap of 34 nucleotides when compared to the reference WIV04 sequence.	info	BA.1	GRA	(NSP5_P132H,Spike_H69del,Spike_T95I,Spike_A67V,Spike_S373P,Spike_Q493R,Spike_N969K,Spike_H655Y,Spike_N856K,N_R203K,Spike_G142D,NSP3_A1892T,Spike_Q954H,N_P13L,NSP3_L1266I,Spike_N501Y,M_Q19E,NSP4_T492I,NSP14_Y197C,Spike_N679K,Spike_L212I,NSP6_G107del,Spike_Y505H,NSP6_I189V,Spike_T547K,M_D3G,Spike_D796Y,N_G204R,Spike_T478K,Spike_V143del,M_A63T,Spike_G496S,NSP6_S106del,Spike_S371L,Spike_G339D,NSP3_S1265del,NSP14_I42V,Spike_P681H,Spike_Y144del,Spike_S375F,Spike_Q498R,Spike_S477N,NSP3_K38R,Spike_N211del,Spike_E484A,E_T9I,Spike_V70del,Spike_L981F,NSP12_P323L,Spike_D614G,Spike_Y145del)
hCoV-19/France/IDF-CERBAHC-12248517/2021	EPI_ISL_10314715	2021-12-27	Europe / France / Ile-de-France	Human	Original	Nasopharyngeal swab		random surveillance	Illumina	Nanoware, Life and Soft	Gap of 5 nucleotide(s) found at refpos 11287 (Frameshift confirmed by the submitter). Gap of 5 nucleotide(s) at refpos 11287 was previously seen. Gap of 8 nucleotide(s) found at refpos 28363 (Frameshift confirmed by the submitter). Gap of 34 nucleotides when compared to the reference WIV04 sequence.	info	BA.1	GRA	(NSP5_P132H,Spike_H69del,Spike_T95I,Spike_A67V,Spike_S373P,Spike_Q493R,Spike_N969K,Spike_H655Y,Spike_N856K,N_R203K,Spike_G142D,NSP3_A1892T,Spike_Q954H,N_P13L,NSP3_L1266I,Spike_N501Y,M_Q19E,NSP4_T492I,Spike_N679K,Spike_N764K,Spike_L212I,NSP6_G107del,Spike_Y505H,NSP6_I189V,Spike_T547K,M_D3G,Spike_D796Y,N_G204R,Spike_T478K,Spike_V143del,M_A63T,Spike_G496S,NSP6_S106del,Spike_S371L,Spike_G339D,NSP3_S1265del,NSP14_I42V,Spike_P681H,Spike_Y144del,Spike_S375F,Spike_Q498R,Spike_S477N,NSP3_K38R,Spike_N211del,Spike_E484A,E_T9I,Spike_V70del,NSP13_T530I,Spike_L981F,NSP12_P323L,Spike_D614G,Spike_Y145del)
hCoV-19/France/IDF-CERBAHC-12248522/2021	EPI_ISL_10314716	2021-12-27	Europe / France / Ile-de-France	Human	Original	Nasopharyngeal swab		random surveillance	Illumina	Nanoware, Life and Soft	Gap of 5 nucleotide(s) found at refpos 11287 (Frameshift confirmed by the submitter). Gap of 5 nucleotide(s) at refpos 11287 was previously seen. Gap of 8 nucleotide(s) found at refpos 28363 (Frameshift confirmed by the submitter). Gap of 34 nucleotides when compared to the reference WIV04 sequence.	info	BA.1	GRA	(NSP5_P132H,Spike_H69del,Spike_T95I,Spike_A67V,Spike_S373P,Spike_Q493R,Spike_N969K,Spike_H655Y,Spike_N856K,N_R203K,Spike_G142D,NSP3_A1892T,Spike_Q954H,N_P13L,NSP3_L1266I,Spike_N501Y,NSP3_P1228L,M_Q19E,NSP4_T492I,Spike_N679K,Spike_N764K,Spike_L212I,NSP6_G107del,Spike_Y505H,NSP6_I189V,Spike_T547K,M_D3G,Spike_D796Y,N_G204R,Spike_T478K,Spike_V143del,M_A63T,Spike_G496S,NSP6_S106del,Spike_S371L,Spike_G339D,NSP3_S1265del,NSP14_I42V,Spike_P681H,Spike_Y144del,Spike_S375F,Spike_Q498R,Spike_S477N,NS7a_F63L,NSP3_K38R,Spike_N211del,Spike_E484A,E_T9I,Spike_V70del,NSP13_T530I,Spike_L981F,NSP12_P323L,Spike_D614G,Spike_Y145del)
hCoV-19/France/IDF-CERBAHC-12249710/2021	EPI_ISL_10314719	2021-12-27	Europe / France / Ile-de-France	Human	Original	Nasopharyngeal swab		random surveillance	Illumina	Nanoware, Life and Soft	Gap of 5 nucleotide(s) found at refpos 11287 (Frameshift confirmed by the submitter). Gap of 5 nucleotide(s) at refpos 11287 was previously seen. Gap of 8 nucleotide(s) found at refpos 28363 (Frameshift confirmed by the submitter). Gap of 34 nucleotides when compared to the reference WIV04 sequence.	info	BA.1	GRA	(NSP5_P132H,Spike_H69del,Spike_T95I,Spike_A67V,Spike_S373P,Spike_Q493R,Spike_N969K,Spike_H655Y,Spike_N856K,N_R203K,Spike_G142D,NSP3_A1892T,Spike_Q954H,N_P13L,NSP3_L1266I,Spike_N501Y,M_Q19E,NSP4_T492I,Spike_N679K,Spike_N764K,Spike_L212I,NSP6_G107del,Spike_Y505H,NSP6_I189V,Spike_T547K,M_D3G,Spike_D796Y,N_G204R,Spike_T478K,Spike_V143del,M_A63T,Spike_G496S,NSP6_S106del,Spike_S371L,Spike_G339D,NSP3_S1265del,NSP14_I42V,Spike_P681H,Spike_Y144del,Spike_S375F,Spike_Q498R,Spike_S477N,NSP3_K38R,Spike_N211del,Spike_E484A,E_T9I,Spike_V70del,Spike_L981F,NSP12_P323L,Spike_D614G,Spike_Y145del)
hCoV-19/France/IDF-CERBAHC-12249760/2021	EPI_ISL_10314721	2021-12-27	Europe / France / Ile-de-France	Human	Original	Nasopharyngeal swab		random surveillance	Illumina	Nanoware, Life and Soft	Gap of 5 nucleotide(s) found at refpos 11287 (Frameshift confirmed by the submitter). Gap of 5 nucleotide(s) at refpos 11287 was previously seen. Gap of 8 nucleotide(s) found at refpos 28363 (Frameshift confirmed by the submitter). Gap of 34 nucleotides when compared to the reference WIV04 sequence.	info	BA.1	GRA	(NSP5_P132H,Spike_H69del,Spike_T95I,Spike_A67V,Spike_S373P,Spike_Q493R,Spike_N969K,Spike_H655Y,Spike_N856K,N_R203K,Spike_G142D,NSP3_A1892T,Spike_Q954H,N_P13L,NSP3_L1266I,Spike_N501Y,M_Q19E,NSP4_T492I,Spike_N679K,Spike_N764K,Spike_L212I,NSP6_G107del,Spike_Y505H,NSP6_I189V,Spike_T547K,M_D3G,Spike_D796Y,N_G204R,Spike_T478K,NSP3_S609I,Spike_V143del,M_A63T,Spike_G496S,NSP6_S106del,Spike_S371L,Spike_G339D,NSP3_S1265del,NSP14_I42V,Spike_P681H,Spike_Y144del,Spike_S375F,Spike_Q498R,Spike_S477N,NSP3_K38R,Spike_N211del,Spike_E484A,E_T9I,Spike_V70del,Spike_L981F,NSP12_P323L,Spike_D614G,Spike_Y145del)
hCoV-19/France/IDF-CERBAHC-12249845/2021	EPI_ISL_10314723	2021-12-27	Europe / France / Ile-de-France	Human	Original	Nasopharyngeal swab		random surveillance	Illumina	Nanoware, Life and Soft	Gap of 5 nucleotide(s) found at refpos 11287 (Frameshift confirmed by the submitter). Gap of 5 nucleotide(s) at refpos 11287 was previously seen. Gap of 8 nucleotide(s) found at refpos 28363 (Frameshift confirmed by the submitter). Gap of 34 nucleotides when compared to the reference WIV04 sequence.	info	BA.1	GRA	(NSP5_P132H,Spike_H69del,Spike_T95I,Spike_A67V,Spike_S373P,Spike_Q493R,Spike_N969K,Spike_H655Y,Spike_N856K,N_R203K,Spike_G142D,NSP3_A1892T,Spike_Q954H,N_P13L,NSP3_L1266I,Spike_N501Y,M_Q19E,NSP4_T492I,Spike_N679K,Spike_N764K,Spike_L212I,NSP6_G107del,Spike_Y505H,NSP6_I189V,Spike_T547K,M_D3G,Spike_D796Y,N_G204R,Spike_T478K,Spike_V143del,M_A63T,Spike_G496S,NSP6_S106del,Spike_S371L,Spike_G339D,NSP3_S1265del,NS6_Y31F,NSP14_I42V,Spike_P681H,Spike_Y144del,Spike_S375F,Spike_Q498R,Spike_S477N,NSP3_K38R,Spike_N211del,Spike_E484A,E_T9I,Spike_V70del,Spike_L981F,NSP12_P323L,Spike_D614G,Spike_Y145del)
hCoV-19/France/IDF-CERBAHC-12249851/2021	EPI_ISL_10314726	2021-12-27	Europe / France / Ile-de-France	Human	Original	Nasopharyngeal swab		random surveillance	Illumina	Nanoware, Life and Soft	Gap of 5 nucleotide(s) found at refpos 11287 (Frameshift confirmed by the submitter). Gap of 5 nucleotide(s) at refpos 11287 was previously seen. Gap of 8 nucleotide(s) found at refpos 28363 (Frameshift confirmed by the submitter). Gap of 34 nucleotides when compared to the reference WIV04 sequence.	info	BA.1	GRA	(NSP5_P132H,Spike_H69del,Spike_T95I,Spike_A67V,Spike_S373P,Spike_Q493R,Spike_N969K,Spike_H655Y,Spike_N856K,N_R203K,Spike_G142D,NSP3_A1892T,Spike_Q954H,N_P13L,NSP3_L1266I,Spike_N501Y,M_Q19E,NSP4_T492I,Spike_N679K,Spike_N764K,Spike_L212I,NSP6_G107del,Spike_Y505H,NSP6_I189V,Spike_T547K,M_D3G,Spike_D796Y,N_G204R,Spike_T478K,Spike_V143del,M_A63T,Spike_G496S,NSP6_S106del,Spike_S371L,Spike_G339D,NSP3_S1265del,NSP14_I42V,Spike_P681H,Spike_Y144del,Spike_S375F,Spike_Q498R,Spike_S477N,NSP3_K38R,Spike_N211del,Spike_E484A,E_T9I,Spike_V70del,Spike_L981F,NSP12_P323L,Spike_D614G,Spike_Y145del)
hCoV-19/France/IDF-CERBAHC-12287522/2021	EPI_ISL_10314739	2021-12-27	Europe / France / Ile-de-France	Human	Original	Nasopharyngeal swab		random surveillance	Illumina	Nanoware, Life and Soft	Gap of 5 nucleotide(s) found at refpos 11287 (Frameshift confirmed by the submitter). Gap of 5 nucleotide(s) at refpos 11287 was previously seen. Gap of 8 nucleotide(s) found at refpos 28363 (Frameshift confirmed by the submitter). Gap of 34 nucleotides when compared to the reference WIV04 sequence.	info	BA.1	GRA	(NSP5_P132H,Spike_H69del,Spike_T95I,Spike_A67V,Spike_S373P,Spike_Q493R,Spike_N969K,Spike_H655Y,Spike_N856K,N_R203K,Spike_G142D,NSP3_A1892T,Spike_Q954H,N_P13L,NSP3_L1266I,Spike_N501Y,M_Q19E,NSP4_T492I,Spike_N679K,Spike_N764K,Spike_L212I,NSP6_G107del,Spike_Y505H,NSP6_I189V,Spike_T547K,M_D3G,Spike_D796Y,N_G204R,Spike_T478K,Spike_V143del,M_A63T,Spike_G496S,NSP6_S106del,Spike_S371L,Spike_G339D,NSP3_S1265del,NSP14_I42V,Spike_P681H,Spike_Y144del,Spike_S375F,Spike_Q498R,Spike_S477N,NSP3_K38R,Spike_N211del,Spike_E484A,E_T9I,Spike_V70del,Spike_L981F,NSP12_P323L,Spike_D614G,Spike_Y145del)
hCoV-19/France/GES-PTMV-CV0413540307/2021	EPI_ISL_11218361	2021-12-20	Europe / France / Grand Est / Moselle	Human	Original				Oxford Nanopore / GridION		Gap of 18 nucleotides when compared to the reference WIV04 sequence.	info	BA.1	GRA	(Spike_A67V,NSP6_S106del,Spike_Q493R,Spike_N969K,Spike_H655Y,N_R203K,Spike_Q954H,N_P13L,Spike_N501Y,N_R32del,Spike_P681H,M_Q19E,N_S33del,NSP4_T492I,NSP6_L105del,Spike_N679K,Spike_S477N,NSP6_G107del,Spike_Y505H,N_E31del,Spike_T547K,M_D3G,Spike_E484A,N_G204R,Spike_T478K,E_T9I,Spike_L981F,M_A63T,NSP12_P323L,Spike_D614G,Spike_G496S)
hCoV-19/France/IDF-SLS-762112068071/2021	EPI_ISL_11222907	2021-12-20	Europe / France / Ile-de-France / Paris	Human	Original			random	Illumina MiSeq	Moabi	Gap of 18 nucleotides when compared to the reference WIV04 sequence.	info	BA.1	GRA	(NSP5_P132H,Spike_H69del,Spike_T95I,Spike_A67V,Spike_S373P,Spike_Q493R,Spike_N969K,Spike_H655Y,Spike_N856K,N_R203K,Spike_G142D,NSP3_A1892T,Spike_Q954H,N_P13L,NSP3_L1266I,Spike_N501Y,M_Q19E,Spike_N440K,NSP4_T492I,Spike_N679K,Spike_N764K,Spike_L212I,Spike_Y505H,NSP6_I189V,Spike_T547K,M_D3G,Spike_D796Y,N_G204R,Spike_T478K,Spike_V143del,M_A63T,Spike_G496S,Spike_K417N,Spike_S371L,Spike_G339D,NSP14_I42V,Spike_P681H,Spike_Y144del,Spike_S375F,Spike_Q498R,Spike_G446S,Spike_S477N,NSP3_K38R,Spike_N211del,Spike_E484A,E_T9I,Spike_V70del,NSP13_T530I,Spike_L981F,NSP12_P323L,Spike_D614G,Spike_Y145del,N_R32C)
hCoV-19/France/IDF-SLS-762112076127/2021	EPI_ISL_11222910	2021-12-22	Europe / France / Ile-de-France / Paris	Human	Original				Illumina MiSeq	Moabi	Gap of 12 nucleotides when compared to the reference WIV04 sequence.	info	BA.1	GRA	(NSP5_P132H,Spike_H69del,Spike_T95I,Spike_S373P,Spike_Q493R,Spike_N969K,Spike_H655Y,Spike_N856K,N_R203K,Spike_G142D,NSP3_A1892T,Spike_Q954H,N_P13L,Spike_N501Y,M_Q19E,Spike_N440K,NSP4_T492I,Spike_V70I,Spike_N679K,Spike_N764K,NS7b_T40I,Spike_I68V,Spike_Y505H,NSP6_I189V,Spike_T547K,M_D3G,Spike_D796Y,N_G204R,Spike_T478K,Spike_V143del,M_A63T,NSP3_A564V,Spike_G496S,Spike_K417N,Spike_S371L,Spike_G339D,NSP14_I42V,Spike_P681H,Spike_Y144del,Spike_S375F,Spike_Q498R,Spike_G446S,Spike_S477N,NSP6_V78A,NSP3_K38R,Spike_E484A,E_T9I,Spike_A67D,NSP13_T530I,Spike_L981F,NSP12_P323L,Spike_D614G,Spike_Y145del)
hCoV-19/France/IDF-SLS-762112078809/2021	EPI_ISL_11222922	2021-12-22	Europe / France / Ile-de-France / Paris	Human	Original				Illumina MiSeq	Moabi	Insertion of 9 nucleotides when compared to the reference WIV04 sequence. Gap of 18 nucleotides when compared to the reference WIV04 sequence.	info	BA.1	GRA	(NSP5_P132H,Spike_H69del,Spike_T95I,Spike_S373P,Spike_Q493R,Spike_N969K,Spike_H655Y,Spike_N856K,N_R203K,NSP3_A1892T,Spike_Q954H,N_P13L,Spike_N501Y,M_Q19E,Spike_N440K,NSP4_T492I,Spike_N679K,Spike_N764K,Spike_L212I,Spike_Y505H,NSP6_I189V,Spike_T547K,M_D3G,Spike_D796Y,N_G204R,Spike_T478K,Spike_V143del,M_A63T,Spike_G496S,NSP1_Y68N,Spike_G142del,Spike_K417N,Spike_S371L,Spike_G339D,NSP14_I42V,Spike_P681H,Spike_Y144del,Spike_ins214EPE,Spike_S375F,Spike_Q498R,Spike_G446S,Spike_S477N,NSP3_K38R,Spike_N211del,Spike_E484A,E_T9I,Spike_V70del,NSP13_T530I,Spike_L981F,NSP12_P323L,Spike_D614G,N_R32C)
hCoV-19/France/IDF-SLS-762112069650/2021	EPI_ISL_11222930	2021-12-20	Europe / France / Ile-de-France / Paris	Human	Original			random	Illumina MiSeq	Moabi	Gap of 18 nucleotides when compared to the reference WIV04 sequence.	info	BA.1	GRA	(NSP5_P132H,Spike_H69del,Spike_T95I,Spike_A67V,Spike_S373P,Spike_Q493R,Spike_N969K,Spike_H655Y,Spike_N856K,N_R203K,Spike_G142D,NSP3_A1892T,Spike_Q954H,N_P13L,Spike_N501Y,M_Q19E,Spike_N440K,NSP4_T492I,Spike_N679K,Spike_N764K,Spike_L212I,Spike_Y505H,NSP6_I189V,Spike_T547K,M_D3G,Spike_D796Y,N_G204R,Spike_T478K,Spike_V143del,M_A63T,Spike_G496S,Spike_K417N,Spike_S371L,Spike_G339D,NSP6_G107S,NSP14_I42V,Spike_P681H,Spike_Y144del,Spike_S375F,Spike_Q498R,Spike_G446S,Spike_S477N,NSP3_K38R,Spike_N211del,Spike_E484A,E_T9I,Spike_V70del,Spike_L981F,NSP12_P323L,Spike_D614G,Spike_Y145del)
hCoV-19/France/IDF-SLS-762112065151/2021	EPI_ISL_11222942	2021-12-18	Europe / France / Ile-de-France / Paris	Human	Original				Illumina MiSeq	Moabi	Gap of 18 nucleotides when compared to the reference WIV04 sequence.	info	BA.1	GRA	(NSP5_P132H,Spike_H69del,Spike_T95I,Spike_S373P,Spike_Q493R,Spike_N969K,Spike_H655Y,Spike_N856K,N_R203K,Spike_G142D,NSP3_A1892T,Spike_Q954H,N_P13L,Spike_N501Y,M_Q19E,Spike_N440K,NSP4_T492I,Spike_N679K,Spike_N764K,Spike_Y505H,NSP6_I189V,Spike_T547K,M_D3G,Spike_D796Y,N_G204R,Spike_T478K,Spike_V143del,M_A63T,Spike_G496S,Spike_K417N,Spike_S371L,Spike_I210del,Spike_G339D,NSP6_G107S,NSP14_I42V,Spike_P681H,Spike_Y144del,Spike_S375F,Spike_Q498R,Spike_G446S,Spike_S477N,NSP3_K38R,Spike_E484A,E_T9I,Spike_V70del,NSP13_T530I,Spike_L981F,NSP12_P323L,Spike_D614G,Spike_Y145del,N_R32C)
hCoV-19/France/IDF-SLS-762112090636/2021	EPI_ISL_11225795	2021-12-27	Europe / France / Ile-de-France / Paris	Human	Original			Random	Illumina MiSeq	Moabi	Insertion of 9 nucleotides when compared to the reference WIV04 sequence.	info	BA.1	GRA	(NSP5_P132H,Spike_T95I,Spike_A67V,Spike_K417N,Spike_S373P,Spike_Q493R,Spike_N969K,Spike_H655Y,Spike_N856K,N_R203K,NSP2_G339S,Spike_S371L,NSP3_A1892T,Spike_Q954H,Spike_G339D,N_P13L,Spike_G999D,NSP6_G107S,Spike_N501Y,NSP14_I42V,Spike_P681H,Spike_ins214EPE,M_Q19E,Spike_N440K,NSP4_T492I,Spike_S375F,Spike_Q498R,Spike_G446S,Spike_N679K,Spike_N764K,Spike_S477N,Spike_Y505H,NSP3_K38R,NSP6_I189V,Spike_T547K,M_D3G,Spike_D796Y,Spike_E484A,N_G204R,Spike_T478K,E_T9I,Spike_L981F,M_A63T,NSP12_P323L,Spike_D614G,Spike_G496S)
hCoV-19/France/IDF-SLS-762112091514/2021	EPI_ISL_11225820	2021-12-27	Europe / France / Ile-de-France / Paris	Human	Original			Random	Illumina MiSeq	Moabi	Insertion of 9 nucleotides when compared to the reference WIV04 sequence. Gap of 18 nucleotides when compared to the reference WIV04 sequence.	info	BA.1	GRA	(NSP5_P132H,Spike_H69del,Spike_T95I,Spike_S373P,Spike_Q493R,Spike_N969K,Spike_H655Y,Spike_N856K,N_R203K,Spike_G142D,NSP3_A1892T,Spike_Q954H,N_P13L,Spike_N501Y,M_Q19E,Spike_N440K,NSP4_T492I,Spike_N679K,Spike_N764K,Spike_L212I,Spike_Y505H,NSP6_I189V,Spike_T547K,M_D3G,Spike_D796Y,N_G204R,Spike_T478K,Spike_V143del,NS3_Q213K,M_A63T,Spike_G496S,Spike_K417N,Spike_S371L,Spike_G339D,NSP14_I42V,Spike_P681H,Spike_Y144del,Spike_ins214EPE,Spike_S375F,Spike_Q498R,Spike_G446S,Spike_S477N,NSP3_K38R,Spike_N211del,Spike_E484A,E_T9I,Spike_V70del,NSP3_P200L,NSP13_T530I,Spike_L981F,NSP12_P323L,Spike_D614G,Spike_Y145del)
hCoV-19/France/IDF-SLS-762112089691/2021	EPI_ISL_11225847	2021-12-27	Europe / France / Ile-de-France / Paris	Human	Original			Random	Illumina MiSeq	Moabi	Insertion of 9 nucleotides when compared to the reference WIV04 sequence. Gap of 18 nucleotides when compared to the reference WIV04 sequence.	info	BA.1	GRA	(NSP5_P132H,Spike_H69del,Spike_T95I,Spike_A67V,Spike_S373P,Spike_Q493R,Spike_N969K,Spike_H655Y,Spike_N856K,N_R203K,Spike_G142D,NSP3_A1892T,Spike_Q954H,N_P13L,Spike_G999D,NSP3_L1266I,Spike_N501Y,M_Q19E,Spike_N440K,NSP4_T492I,Spike_N679K,Spike_N764K,Spike_L212I,Spike_Y505H,NSP6_I189V,Spike_T547K,M_D3G,Spike_D796Y,N_G204R,Spike_T478K,Spike_V143del,M_A63T,Spike_G496S,Spike_K417N,Spike_S371L,Spike_G339D,NSP14_I42V,Spike_P681H,Spike_Y144del,Spike_ins214EPE,Spike_S375F,Spike_Q498R,Spike_G446S,Spike_S477N,NSP3_K38R,Spike_N211del,NSP3_P1403S,Spike_E484A,E_T9I,Spike_V70del,Spike_L981F,NSP12_P323L,Spike_D614G,Spike_Y145del,N_R32C)
hCoV-19/France/NAQ-CHUP-2202110467/2022	EPI_ISL_11564580	2022-02-11	Europe / France / Nouvelle-Aquitaine / Vienne	Human	Original			cluster	NGS				BA.1	GRA	(NSP5_P132H,Spike_T95I,NSP12_Q875R,Spike_A67V,Spike_K417N,Spike_S373P,Spike_Q493R,Spike_N969K,Spike_H655Y,Spike_N856K,N_R203K,Spike_S371L,NSP3_A1892T,Spike_Q954H,Spike_G339D,NS3_D155Y,N_P13L,Spike_N501Y,NSP14_I42V,M_A2T,Spike_P681H,M_Q19E,Spike_N440K,NSP4_T492I,Spike_S375F,NSP12_P227L,NS7b_I26T,Spike_Q498R,Spike_G446S,Spike_N679K,Spike_N764K,Spike_S477N,Spike_Y505H,NSP3_K38R,NSP6_I189V,Spike_T547K,M_D3G,Spike_D796Y,Spike_E484A,N_G204R,Spike_T478K,E_T9I,Spike_L981F,M_A63T,NSP12_P323L,Spike_G496S)
hCoV-19/France/NAQ-Poitiers-9900344482/2022	EPI_ISL_11579786	2022-02-07	Europe / France / Nouvelle-Aquitaine / Charente	Human	Original			Random	NGS				BA.1	GRA	(NSP5_P132H,Spike_T95I,Spike_A67V,Spike_K417N,Spike_Q493R,Spike_N969K,Spike_H655Y,Spike_N856K,N_R203K,NS3_L53F,NSP3_A1892T,Spike_Q954H,Spike_Y396F,N_P13L,Spike_N501Y,NSP14_I42V,Spike_P681H,M_Q19E,Spike_N440K,NSP4_T492I,Spike_Q498R,Spike_G446S,Spike_N679K,Spike_N764K,Spike_S477N,Spike_Y505H,NSP3_P1665S,NSP3_K38R,NSP6_I189V,Spike_T547K,M_D3G,M_V187L,Spike_D796Y,Spike_E484A,N_G204R,Spike_T478K,NS3_W193L,E_T9I,Spike_L981F,M_A63T,NSP12_P323L,Spike_D614G,Spike_G496S,NSP3_Q1842H)
hCoV-19/France/NAQ-Poitiers-9900344570/2022	EPI_ISL_11579828	2022-02-07	Europe / France / Nouvelle-Aquitaine / Charente	Human	Original			Random	NGS				BA.1	GRA	(NSP5_P132H,Spike_T95I,Spike_A67V,Spike_K417N,Spike_Q493R,Spike_N969K,Spike_H655Y,Spike_N856K,N_R203K,NSP3_A1892T,Spike_Q954H,Spike_Y396F,N_P13L,Spike_N501Y,NS3_V48F,NSP14_I42V,Spike_P681H,M_Q19E,Spike_N440K,NSP4_T492I,Spike_Q498R,Spike_G446S,Spike_N679K,Spike_N764K,Spike_S477N,Spike_Y505H,NSP3_K38R,NSP6_I189V,Spike_T547K,M_D3G,M_V187L,Spike_D796Y,Spike_E484A,N_G204R,Spike_T478K,NS3_W193L,E_T9I,Spike_L981F,M_A63T,NSP12_P323L,Spike_D614G,Spike_G496S,NSP3_Q1842H)
hCoV-19/France/NAQ-Poitiers-2202011507/2022	EPI_ISL_11579832	2022-02-07	Europe / France / Nouvelle-Aquitaine / Vienne	Human	Original			Random	NGS				BA.1	GRA	(NSP5_P132H,Spike_T95I,Spike_A67V,Spike_Q493R,Spike_N969K,Spike_H655Y,Spike_N856K,N_R203K,NSP3_A1892T,Spike_Q954H,Spike_Y396F,N_P13L,Spike_N501Y,M_Q19E,Spike_N440K,NSP4_T492I,Spike_N679K,Spike_N764K,NSP14_P412H,Spike_Y505H,NSP3_Q157R,NSP6_I189V,M_D3G,Spike_T547K,Spike_D796Y,N_G204R,Spike_T478K,NS3_W193L,M_A63T,Spike_G496S,NSP3_Q1842H,Spike_K417N,NSP12_S68F,NSP14_I42V,Spike_P681H,Spike_Q498R,Spike_G446S,Spike_S477N,NS6_S41C,NSP1_L16F,NSP3_K38R,M_V187L,Spike_E484A,NSP7_A80V,E_T9I,Spike_L981F,NSP12_P323L,NSP15_H234R,Spike_D614G)
hCoV-19/France/NAQ-Poitiers-2202070759/2022	EPI_ISL_11579834	2022-02-07	Europe / France / Nouvelle-Aquitaine / Charente	Human	Original			Random	NGS				BA.1	GRA	(NSP5_P132H,NS3_A33S,Spike_T95I,Spike_A67V,Spike_K417N,Spike_Q493R,Spike_N969K,Spike_H655Y,Spike_N856K,N_R203K,NSP3_A1892T,Spike_Q954H,Spike_Y396F,N_P13L,Spike_N501Y,NSP14_I42V,M_A2T,Spike_P681H,M_Q19E,Spike_N440K,NSP4_T492I,NS7a_T120I,Spike_Q498R,Spike_G446S,Spike_N679K,Spike_N764K,Spike_S477N,NSP14_P412H,Spike_Y505H,NSP3_K38R,NSP6_I189V,Spike_T547K,M_D3G,M_V187L,Spike_D796Y,Spike_E484A,N_G204R,Spike_T478K,NS3_W193L,E_T9I,Spike_L981F,M_A63T,NSP12_P323L,Spike_D614G,Spike_G496S,NSP3_Q1842H)
hCoV-19/France/NAQ-Poitiers-2202072124/2022	EPI_ISL_11579849	2022-02-07	Europe / France / Nouvelle-Aquitaine / Deux-Sevres	Human	Original			Random	NGS		NSP15_K89stop results in 74.6% truncation of the protein sequence.	info	BA.1	GRA	(NSP5_P132H,Spike_T95I,Spike_A67V,Spike_K417N,Spike_Q493R,Spike_N969K,Spike_H655Y,Spike_N856K,N_R203K,NSP3_A1892T,Spike_Q954H,Spike_Y396F,N_P13L,Spike_N501Y,NSP14_I42V,Spike_P681H,M_Q19E,Spike_N440K,NSP4_T492I,Spike_Q498R,Spike_G446S,Spike_N679K,Spike_N764K,Spike_S477N,Spike_Y505H,NSP3_K38R,NSP6_I189V,Spike_T547K,M_D3G,M_V187L,Spike_D796Y,Spike_E484A,N_G204R,Spike_T478K,NS3_W193L,E_T9I,Spike_L981F,M_A63T,NSP12_P323L,Spike_D614G,Spike_G496S,NSP13_E341D,NSP15_K89stop)
hCoV-19/France/NAQ-Poitiers-9900327263/2022	EPI_ISL_11580281	2022-01-03	Europe / France / Nouvelle-Aquitaine / Deux-Sevres	Human	Original			Random	NGS				BA.1	GRA	(Spike_I1172N,Spike_T95I,Spike_A67V,Spike_K417N,Spike_S373P,Spike_N969K,Spike_H655Y,Spike_N856K,N_R203K,Spike_S371L,NS8_D63V,NSP3_A1892T,Spike_Q954H,Spike_N234Y,Spike_G339D,N_P13L,NSP14_I42V,Spike_P681H,M_Q19E,NSP4_T492I,Spike_S375F,NS7b_L34M,Spike_N679K,Spike_N764K,NSP3_K38R,NSP6_I189V,Spike_T547K,Spike_D796Y,N_G204R,E_T9I,NSP13_T530I,Spike_L981F,M_A63T,NSP12_P323L,Spike_D614G,NSP2_N254S)
hCoV-19/France/NAQ-Poitiers-2112280908/2021	EPI_ISL_11580471	2021-12-28	Europe / France / Nouvelle-Aquitaine / Vienne	Human	Original			Cluster	NGS				BA.1	GRA	(NSP5_P132H,Spike_T95I,Spike_A67V,Spike_K417N,Spike_S373P,Spike_N969K,Spike_H655Y,Spike_N856K,N_R203K,Spike_S371L,NS8_D63V,NSP3_A1892T,Spike_Q954H,Spike_N234Y,Spike_G339D,N_P13L,NSP9_T34I,NSP14_I42V,Spike_P681H,M_Q19E,NSP4_T492I,Spike_S375F,NS7b_L34M,Spike_N679K,Spike_N764K,NSP3_K38R,NSP6_I189V,Spike_T547K,Spike_D796Y,N_G204R,E_T9I,Spike_L981F,M_A63T,NSP12_P323L,Spike_D614G)
hCoV-19/France/NAQ-Poitiers-2112290920/2021	EPI_ISL_11580480	2021-12-29	Europe / France / Nouvelle-Aquitaine / Charente	Human	Original				NGS				BA.1	GRA	(NSP5_P132H,Spike_I1172N,Spike_T95I,Spike_A67V,Spike_K417N,Spike_S373P,Spike_N969K,Spike_H655Y,Spike_N856K,N_R203K,Spike_S371L,NS8_D63V,NSP3_A1892T,Spike_Q954H,Spike_N234Y,Spike_G339D,N_P13L,NSP14_I42V,Spike_P681H,M_Q19E,NSP4_T492I,Spike_S375F,NS7b_L34M,Spike_N679K,Spike_N764K,NSP3_K38R,NSP6_I189V,Spike_T547K,Spike_D796Y,N_G204R,E_T9I,Spike_L981F,M_A63T,NSP12_P323L,Spike_D614G,NSP13_I488L)
hCoV-19/France/NAQ-Poitiers-2112290673/2021	EPI_ISL_11580485	2021-12-29	Europe / France / Nouvelle-Aquitaine / Vienne	Human	Original			Cluster	NGS				BA.1	GRA	(NSP5_P132H,Spike_I1172N,Spike_T95I,Spike_A67V,Spike_K417N,Spike_S373P,Spike_N969K,Spike_H655Y,Spike_N856K,N_R203K,Spike_S371L,NS8_D63V,NSP3_A1892T,Spike_Q954H,Spike_N234Y,Spike_G339D,N_P13L,NSP14_I42V,Spike_P681H,M_Q19E,NSP4_T492I,Spike_S375F,NS7b_L34M,Spike_N679K,Spike_N764K,NSP3_K38R,NSP6_I189V,Spike_T547K,Spike_D796Y,N_G204R,E_T9I,Spike_L981F,M_A63T,NSP12_P323L,Spike_D614G,NSP13_I488L)
hCoV-19/France/NAQ-Poitiers-2112290663/2021	EPI_ISL_11580488	2021-12-29	Europe / France / Nouvelle-Aquitaine / Vienne	Human	Original			Cluster	NGS				BA.1	GRA	(NSP5_P132H,Spike_T95I,Spike_A67V,Spike_K417N,NSP3_T1348I,Spike_S373P,Spike_N969K,Spike_H655Y,Spike_N856K,N_R203K,Spike_S371L,NS8_D63V,NSP3_A1892T,Spike_Q954H,Spike_N234Y,Spike_L5F,Spike_G339D,N_P13L,NSP14_I42V,Spike_P681H,M_Q19E,NSP4_T492I,Spike_S375F,NS7b_L34M,Spike_N679K,Spike_N764K,NSP3_K38R,NSP6_I189V,Spike_T547K,Spike_D796Y,N_G204R,E_T9I,Spike_L981F,M_A63T,NSP12_P323L,Spike_D614G)
hCoV-19/France/NAQ-ERFB-2071720708/2021	EPI_ISL_11889201	2021-12-29	Europe / France / Nouvelle-Aquitaine / Vienne	Human	Original				Illumina / NextSeq 550	DRAGEN COVIDSeq (Illumina)	Gap of 27 nucleotides when compared to the reference WIV04 sequence.	info	BA.1	GRA	(NSP5_P132H,Spike_H69del,Spike_T95I,Spike_A67V,Spike_S373P,Spike_Q493R,Spike_N969K,Spike_H655Y,Spike_N856K,N_R203K,Spike_G142D,NSP3_A1892T,Spike_Q954H,N_P13L,NSP3_L1266I,Spike_N501Y,N_R32del,M_Q19E,Spike_N440K,NSP4_T492I,Spike_N679K,Spike_N764K,Spike_Y505H,NSP6_I189V,Spike_T547K,M_D3G,Spike_D796Y,N_G204R,Spike_T478K,Spike_V143del,M_A63T,Spike_G496S,Spike_S371L,Spike_G339D,NSP3_S1265del,NSP14_I42V,Spike_P681H,Spike_Y144del,N_S33del,Spike_S375F,Spike_Q498R,Spike_G446S,Spike_S477N,N_E31del,NSP3_K38R,Spike_E484A,E_T9I,Spike_V70del,Spike_L981F,NSP12_P323L,Spike_D614G,Spike_Y145del)
hCoV-19/France/NOR-ERFB-2071607829/2021	EPI_ISL_11922104	2021-12-23	Europe / France / Normandie / Seine-Maritime	Human	Original				Illumina / NextSeq 550	DRAGEN COVIDSeq (Illumina)	Gap of 27 nucleotides when compared to the reference WIV04 sequence.	info	BA.1	GRA	(NSP5_P132H,Spike_H69del,Spike_T95I,Spike_A67V,Spike_N969K,Spike_H655Y,Spike_N856K,N_R203K,Spike_G142D,NSP3_A1892T,Spike_Q954H,Spike_G339D,N_P13L,NSP3_L1266I,N_R32del,NSP3_S1265del,NSP14_I42V,Spike_P681H,Spike_Y144del,M_Q19E,Spike_N440K,N_S33del,NSP4_T492I,Spike_S375F,Spike_G446S,Spike_N679K,Spike_N764K,Spike_S477N,N_E31del,NSP3_K38R,NSP6_I189V,Spike_T547K,M_D3G,Spike_D796Y,Spike_E484A,N_G204R,Spike_T478K,E_T9I,Spike_V70del,Spike_L981F,Spike_V143del,M_A63T,NSP12_P323L,Spike_Y145del,Spike_D614G)
hCoV-19/France/OCC-ERFB-2071576546/2021	EPI_ISL_12025198	2021-12-21	Europe / France / Occitanie / Haute-Garonne	Human	Original				Illumina / NextSeq 550	DRAGEN COVIDSeq (Illumina)	Gap of 27 nucleotides when compared to the reference WIV04 sequence.	info	BA.1	GRA	(NSP5_P132H,Spike_H69del,Spike_T95I,Spike_A67V,Spike_Q493R,Spike_N969K,Spike_H655Y,Spike_N856K,N_R203K,Spike_G142D,NSP3_A1892T,Spike_Q954H,N_P13L,NSP3_L1266I,Spike_N501Y,N_R32del,M_Q19E,Spike_N440K,NSP4_T492I,Spike_N679K,Spike_N764K,Spike_Y505H,NSP6_I189V,Spike_T547K,M_D3G,Spike_D796Y,N_G204R,Spike_T478K,Spike_V143del,M_A63T,Spike_G496S,NS7a_T39I,Spike_G339D,NSP3_S1265del,NSP14_I42V,Spike_P681H,Spike_Y144del,N_S33del,Spike_S375F,Spike_Q498R,Spike_G446S,Spike_S477N,N_E31del,NSP3_K38R,Spike_E484A,E_T9I,Spike_V70del,Spike_L981F,NSP12_P323L,Spike_D614G,Spike_Y145del)
hCoV-19/France/BRE-LBZCentre-PN2201310100/2022	EPI_ISL_12051375	2022-01-31	Europe / France / Bretagne / Cotes-d’Armor	Human	Original			random	Oxford Nanopore / GridION		Gap of 15 nucleotides when compared to the reference WIV04 sequence.	info	BA.1	GRA	(NSP5_P132H,Spike_S371F,Spike_A67V,Spike_K417N,Spike_S373P,NSP6_S106del,Spike_T376A,Spike_Q493R,Spike_N969K,Spike_H655Y,N_R203K,Spike_Q954H,Spike_G339D,N_P13L,Spike_N501Y,N_R32del,NSP14_I42V,Spike_P681H,M_Q19E,Spike_N440K,N_S33del,NSP4_T492I,Spike_S375F,Spike_Q498R,Spike_G446S,NSP6_L105C,Spike_N679K,Spike_N764K,Spike_S477N,NSP6_G107del,Spike_Y505H,N_E31del,Spike_T547K,Spike_D796Y,Spike_E484A,N_G204R,Spike_T478K,E_T9I,M_A63T,NSP12_P323L,Spike_D614G,Spike_G496S)
hCoV-19/France/GES-HCL990000376103/2022	EPI_ISL_16467225	2022-01-26	Europe / France / Grand Est	Human	Original				Illumina NovaSeq		Gap of 2 nucleotide(s) found at refpos 27795 (Frameshift confirmed by the submitter). Insertion of 9 nucleotides when compared to the reference WIV04 sequence. Gap of 41 nucleotides when compared to the reference WIV04 sequence.	info	BA.1	GRA	(NSP5_P132H,Spike_H69del,Spike_T95I,Spike_A67V,Spike_S373P,Spike_Q493R,Spike_N969K,Spike_H655Y,Spike_N856K,Spike_G142D,NSP3_A1892T,Spike_Q954H,N_P13L,NSP3_L1266I,Spike_N501Y,N_R32del,M_Q19E,Spike_N440K,NSP4_T492I,NSP6_L105del,Spike_N679K,Spike_N764K,Spike_L212I,NSP6_G107del,Spike_Y505H,NSP6_I189V,Spike_T547K,M_D3G,Spike_D796Y,Spike_T478K,Spike_V143del,M_A63T,Spike_G496S,Spike_K417N,NSP6_S106del,Spike_S371L,Spike_G339D,NSP3_S1265del,NSP14_I42V,Spike_P681H,Spike_Y144del,Spike_ins214EPE,N_S33del,Spike_S375F,Spike_Q498R,Spike_G446S,Spike_S477N,N_E31del,NSP3_K38R,Spike_N211del,Spike_E484A,E_T9I,Spike_V70del,Spike_L981F,NSP12_P323L,Spike_D614G,Spike_Y145del)
hCoV-19/France/GES-HCL990000376104/2022	EPI_ISL_16467441	2022-01-28	Europe / France / Grand Est	Human	Original				Illumina NovaSeq		Gap of 2 nucleotide(s) found at refpos 27795 (Frameshift confirmed by the submitter). Insertion of 9 nucleotides when compared to the reference WIV04 sequence. Gap of 41 nucleotides when compared to the reference WIV04 sequence.	info	BA.1	GRA	(NSP5_P132H,Spike_H69del,Spike_T95I,Spike_A67V,Spike_S373P,Spike_Q493R,Spike_N969K,Spike_H655Y,Spike_N856K,Spike_G142D,NSP3_A1892T,Spike_Q954H,N_P13L,NSP3_L1266I,Spike_N501Y,N_R32del,M_Q19E,Spike_N440K,NSP4_T492I,NSP6_L105del,Spike_N679K,Spike_N764K,Spike_L212I,NSP6_G107del,Spike_Y505H,NSP6_I189V,Spike_T547K,M_D3G,Spike_D796Y,Spike_T478K,Spike_V143del,M_A63T,Spike_G496S,Spike_K417N,NSP6_S106del,Spike_S371L,Spike_G339D,NSP3_S1265del,NSP14_I42V,Spike_P681H,Spike_Y144del,Spike_ins214EPE,N_S33del,Spike_S375F,Spike_Q498R,Spike_G446S,Spike_S477N,N_E31del,NSP3_K38R,Spike_N211del,Spike_E484A,E_T9I,Spike_V70del,Spike_L981F,NSP12_P323L,Spike_D614G,Spike_Y145del)
hCoV-19/France/CVL-HCL022001868501/2021	EPI_ISL_8770363	2021-12-27	Europe / France / Centre-Val de Loire / Loiret	Human	Original				Illumina NovaSeq		Insertion of 1 nucleotide(s) found at refpos 27906 (Frameshift confirmed by the submitter). Insertion of 7 nucleotides when compared to the reference WIV04 sequence. Gap of 36 nucleotides when compared to the reference WIV04 sequence.	info	BA.1	GRA	(NSP5_P132H,Spike_H69del,Spike_T95I,Spike_A67V,Spike_S373P,Spike_Q493R,Spike_N969K,Spike_H655Y,Spike_N856K,N_R203K,Spike_G142D,NSP3_A1892T,Spike_Q954H,N_P13L,NSP3_L1266I,Spike_N501Y,N_R32del,M_Q19E,NSP4_T492I,NSP6_L105del,Spike_N679K,Spike_N764K,Spike_L212I,NSP6_G107del,Spike_Y505H,NSP6_I189V,Spike_T547K,M_D3G,Spike_D796Y,N_G204R,Spike_T478K,Spike_V143del,M_A63T,Spike_G496S,Spike_K417N,NSP6_S106del,Spike_S371L,Spike_G339D,NSP3_S1265del,NSP14_I42V,Spike_P681H,Spike_Y144del,Spike_ins214EPE,N_S33del,Spike_S375F,Spike_Q498R,Spike_S477N,NS8_V5L,N_E31del,NSP3_K38R,Spike_N211del,Spike_E484A,E_T9I,Spike_V70del,Spike_L981F,NSP12_P323L,Spike_D614G,Spike_Y145del)
hCoV-19/France/BFC-CERBAHC-12260401/2021	EPI_ISL_9256822	2021-12-27	Europe / France / Bourgogne-Franche-Comte	Human	Original	Nasopharyngeal swab		random surveillance	Illumina	Nanoware, Life and Soft	Gap of 4 nucleotide(s) found at refpos 11286 (Frameshift confirmed by the submitter). Gap of 4 nucleotide(s) at refpos 11286 was previously seen. Gap of 8 nucleotide(s) found at refpos 28363 (Frameshift confirmed by the submitter). Gap of 33 nucleotides when compared to the reference WIV04 sequence.	info	BA.1	GRA	(NSP5_P132H,Spike_H69del,Spike_T95I,Spike_A67V,Spike_S373P,Spike_Q493R,Spike_N969K,Spike_H655Y,Spike_N856K,N_R203K,Spike_G142D,NSP3_A1892T,Spike_Q954H,Spike_G339D,N_P13L,NSP3_L1266I,Spike_N501Y,NSP3_S1265del,NSP14_I42V,Spike_P681H,Spike_Y144del,NSP4_T492I,Spike_S375F,Spike_Q498R,M_I82T,Spike_N679K,Spike_S477N,Spike_L212I,Spike_Y505H,NSP3_K38R,Spike_N211del,NSP6_I189V,Spike_T547K,Spike_D796Y,Spike_E484A,N_G204R,Spike_T478K,E_T9I,Spike_V70del,Spike_L981F,Spike_V143del,NSP12_P323L,Spike_Y145del,Spike_D614G,Spike_G496S,Spike_L452R)
hCoV-19/France/IDF-CERBAHC-12226850/2021	EPI_ISL_9256829	2021-12-27	Europe / France / Ile-de-France	Human	Original	Nasopharyngeal swab		random surveillance	Illumina	Nanoware, Life and Soft	Gap of 5 nucleotide(s) found at refpos 11287 (Frameshift confirmed by the submitter). Gap of 5 nucleotide(s) at refpos 11287 was previously seen. Gap of 8 nucleotide(s) found at refpos 28363 (Frameshift confirmed by the submitter). Gap of 34 nucleotides when compared to the reference WIV04 sequence.	info	BA.1	GRA	(NSP5_P132H,Spike_H69del,Spike_T95I,Spike_A67V,Spike_S373P,Spike_Q493R,Spike_N969K,Spike_H655Y,Spike_N856K,N_R203K,Spike_G142D,NSP3_A1892T,Spike_Q954H,N_P13L,NSP3_L1266I,Spike_N501Y,M_Q19E,NSP4_T492I,Spike_N679K,Spike_N764K,Spike_L212I,NSP6_G107del,Spike_Y505H,NSP6_I189V,Spike_T547K,M_D3G,Spike_D796Y,N_G204R,Spike_T478K,Spike_V143del,M_A63T,Spike_G496S,NSP6_S106del,Spike_S371L,Spike_G339D,NSP3_S1265del,M_A104V,NSP14_I42V,Spike_P681H,Spike_Y144del,Spike_S375F,Spike_Q498R,Spike_S477N,NSP3_K38R,Spike_N211del,Spike_E484A,E_T9I,Spike_V70del,Spike_L981F,NSP12_P323L,Spike_D614G,Spike_Y145del)
hCoV-19/France/IDF-CERBAHC-12305139/2021	EPI_ISL_9256842	2021-12-27	Europe / France / Ile-de-France	Human	Original	Nasopharyngeal swab		random surveillance	Illumina	Nanoware, Life and Soft	Gap of 5 nucleotide(s) found at refpos 11287 (Frameshift confirmed by the submitter). Gap of 5 nucleotide(s) at refpos 11287 was previously seen. Gap of 8 nucleotide(s) found at refpos 28363 (Frameshift confirmed by the submitter). Gap of 34 nucleotides when compared to the reference WIV04 sequence.	info	BA.1	GRA	(NSP5_P132H,Spike_H69del,Spike_T95I,Spike_A67V,Spike_S373P,Spike_Q493R,Spike_N969K,Spike_H655Y,Spike_N856K,N_R203K,Spike_G142D,NSP3_A1892T,Spike_Q954H,N_P13L,NSP3_L1266I,Spike_N501Y,M_Q19E,NSP4_T492I,Spike_N679K,Spike_N764K,Spike_L212I,NSP6_G107del,Spike_Y505H,NSP6_I189V,Spike_T547K,M_D3G,Spike_D796Y,N_G204R,Spike_T478K,Spike_V143del,M_A63T,Spike_G496S,NSP6_S106del,Spike_S371L,Spike_G339D,NSP3_S1265del,NSP14_I42V,Spike_P681H,Spike_Y144del,Spike_S375F,Spike_Q498R,Spike_S477N,NSP3_K38R,Spike_N211del,Spike_E484A,E_T9I,Spike_V70del,Spike_L981F,NSP12_P323L,Spike_D614G,Spike_Y145del)
hCoV-19/France/IDF-CERBAHC-12306343/2021	EPI_ISL_9256844	2021-12-27	Europe / France / Ile-de-France	Human	Original	Nasopharyngeal swab		random surveillance	Illumina	Nanoware, Life and Soft	Gap of 5 nucleotide(s) found at refpos 11287 (Frameshift confirmed by the submitter). Gap of 5 nucleotide(s) at refpos 11287 was previously seen. Gap of 8 nucleotide(s) found at refpos 28363 (Frameshift confirmed by the submitter). Gap of 34 nucleotides when compared to the reference WIV04 sequence.	info	BA.1	GRA	(NSP5_P132H,Spike_H69del,Spike_T95I,Spike_A67V,Spike_S373P,Spike_Q493R,Spike_N969K,Spike_H655Y,Spike_N856K,N_R203K,Spike_G142D,NSP3_A1892T,Spike_Q954H,N_P13L,NSP3_L1266I,Spike_N501Y,M_Q19E,NSP4_T492I,Spike_N679K,Spike_N764K,Spike_L212I,NSP6_G107del,Spike_Y505H,NSP6_I189V,Spike_T547K,M_D3G,Spike_D796Y,N_G204R,Spike_T478K,Spike_V143del,M_A63T,Spike_G496S,NSP6_S106del,Spike_S371L,Spike_G339D,NSP3_S1265del,NSP14_I42V,Spike_P681H,Spike_Y144del,Spike_S375F,Spike_Q498R,Spike_S477N,NSP3_K38R,Spike_N211del,Spike_E484A,E_T9I,Spike_V70del,Spike_L981F,NSP12_P323L,Spike_D614G,Spike_Y145del)
hCoV-19/France/NOR-CERBAHC-12259043/2021	EPI_ISL_9256851	2021-12-27	Europe / France / Normandie	Human	Original	Nasopharyngeal swab		random surveillance	Illumina	Nanoware, Life and Soft	Gap of 5 nucleotide(s) found at refpos 11287 (Frameshift confirmed by the submitter). Gap of 5 nucleotide(s) at refpos 11287 was previously seen. Gap of 8 nucleotide(s) found at refpos 28363 (Frameshift confirmed by the submitter). Gap of 34 nucleotides when compared to the reference WIV04 sequence.	info	BA.1	GRA	(NSP5_P132H,Spike_H69del,Spike_T95I,Spike_A67V,Spike_S373P,Spike_Q493R,Spike_N969K,Spike_H655Y,Spike_N856K,N_R203K,Spike_G142D,NSP3_A1892T,Spike_Q954H,N_P13L,NSP3_L1266I,Spike_N501Y,M_Q19E,NSP4_T492I,Spike_G181E,Spike_N679K,Spike_L212I,NSP6_G107del,Spike_Y505H,NSP6_I189V,Spike_T547K,M_D3G,Spike_D796Y,N_G204R,Spike_T478K,Spike_V143del,M_A63T,Spike_G496S,NSP6_S106del,Spike_S371L,Spike_G339D,NSP3_S1265del,NSP14_I42V,Spike_P681H,Spike_Y144del,Spike_S375F,Spike_Q498R,Spike_S477N,NSP3_K38R,Spike_N211del,Spike_E484A,E_T9I,Spike_V70del,Spike_L981F,NSP12_P323L,Spike_D614G,Spike_Y145del)
hCoV-19/France/IDF-CERBAHC-12112529/2021	EPI_ISL_9257609	2021-12-19	Europe / France / Ile-de-France	Human	Original	Nasopharyngeal swab		random surveillance	Illumina	Nanoware, Life and Soft	Gap of 5 nucleotide(s) found at refpos 11287 (Frameshift confirmed by the submitter). Gap of 5 nucleotide(s) at refpos 11287 was previously seen. Gap of 8 nucleotide(s) found at refpos 28363 (Frameshift confirmed by the submitter). Gap of 34 nucleotides when compared to the reference WIV04 sequence.	info	BA.1	GRA	(NSP5_P132H,Spike_H69del,Spike_T95I,Spike_A67V,Spike_S373P,Spike_Q493R,Spike_N969K,Spike_H655Y,Spike_N856K,N_R203K,Spike_G142D,NSP3_A1892T,Spike_Q954H,N_P13L,NSP3_L1266I,Spike_N501Y,M_Q19E,NSP4_T492I,Spike_N679K,Spike_N764K,Spike_L212I,NSP6_G107del,Spike_Y505H,NSP6_I189V,Spike_T547K,M_D3G,Spike_D796Y,N_G204R,Spike_T478K,Spike_V143del,M_A63T,Spike_G496S,NSP6_S106del,Spike_S371L,Spike_G339D,NSP3_S1265del,NSP14_I42V,Spike_P681H,Spike_Y144del,Spike_S375F,NSP6_A51V,Spike_Q498R,Spike_S477N,NSP3_K38R,Spike_N211del,Spike_E484A,E_T9I,Spike_V70del,Spike_L981F,NSP12_P323L,Spike_D614G,Spike_Y145del)
hCoV-19/France/IDF-CERBAHC-12168627/2021	EPI_ISL_9257617	2021-12-22	Europe / France / Ile-de-France	Human	Original	Nasopharyngeal swab		random surveillance	Illumina	Nanoware, Life and Soft	Gap of 5 nucleotide(s) found at refpos 11287 (Frameshift confirmed by the submitter). Gap of 5 nucleotide(s) at refpos 11287 was previously seen. Gap of 8 nucleotide(s) found at refpos 28363 (Frameshift confirmed by the submitter). Gap of 34 nucleotides when compared to the reference WIV04 sequence.	info	BA.1	GRA	(NSP5_P132H,Spike_H69del,NS3_A33S,Spike_T95I,Spike_A67V,Spike_S373P,Spike_Q493R,Spike_N969K,Spike_H655Y,Spike_N856K,N_R203K,Spike_G142D,NSP3_A1892T,Spike_Q954H,N_P13L,NSP3_L1266I,Spike_N501Y,M_Q19E,NSP4_T492I,Spike_F157L,Spike_N679K,Spike_N764K,Spike_L212I,NSP6_G107del,Spike_Y505H,NSP12_T739I,NSP6_I189V,Spike_T547K,M_D3G,Spike_D796Y,N_G204R,Spike_T478K,Spike_V143del,M_A63T,Spike_G496S,NSP6_S106del,Spike_S371L,Spike_G339D,NSP3_S1265del,NSP14_I42V,Spike_P681H,Spike_Y144del,Spike_S375F,Spike_Q498R,NSP14_L508F,Spike_S477N,NSP3_K38R,Spike_N211del,Spike_E484A,E_T9I,Spike_V70del,Spike_L981F,NSP12_P323L,Spike_D614G,Spike_Y145del)
hCoV-19/France/IDF-CERBAHC-12168782/2021	EPI_ISL_9257618	2021-12-22	Europe / France / Ile-de-France	Human	Original	Nasopharyngeal swab		random surveillance	Illumina	Nanoware, Life and Soft	Gap of 5 nucleotide(s) found at refpos 11287 (Frameshift confirmed by the submitter). Gap of 5 nucleotide(s) at refpos 11287 was previously seen. Gap of 8 nucleotide(s) found at refpos 28363 (Frameshift confirmed by the submitter). Gap of 34 nucleotides when compared to the reference WIV04 sequence.	info	BA.1	GRA	(NSP5_P132H,Spike_H69del,Spike_T95I,Spike_A67V,Spike_S373P,Spike_Q493R,Spike_N969K,Spike_H655Y,Spike_N856K,N_R203K,Spike_G142D,NSP3_A1892T,Spike_Q954H,N_P13L,NSP3_L1266I,Spike_N501Y,M_Q19E,NSP4_T492I,Spike_N679K,Spike_N764K,Spike_L212I,NSP6_G107del,Spike_Y505H,NSP6_I189V,Spike_T547K,M_D3G,Spike_D796Y,N_G204R,Spike_T478K,Spike_V143del,M_A63T,Spike_G496S,NSP6_S106del,Spike_S371L,Spike_G339D,NSP3_S1265del,NSP14_I42V,Spike_P681H,Spike_Y144del,Spike_S375F,Spike_Q498R,Spike_S477N,NSP3_K38R,Spike_N211del,Spike_E484A,E_T9I,Spike_V70del,Spike_L981F,NSP12_P323L,Spike_D614G,Spike_Y145del)
hCoV-19/France/ARA-CERBAHC-12154792/2021	EPI_ISL_9257624	2021-12-16	Europe / France / Auvergne-Rhone-Alpes	Human	Original	Nasopharyngeal swab		random surveillance	Illumina	Nanoware, Life and Soft	Gap of 5 nucleotide(s) found at refpos 11287 (Frameshift confirmed by the submitter). Gap of 5 nucleotide(s) at refpos 11287 was previously seen. Gap of 8 nucleotide(s) found at refpos 28363 (Frameshift confirmed by the submitter). Gap of 34 nucleotides when compared to the reference WIV04 sequence.	info	BA.1	GRA	(NSP5_P132H,Spike_H69del,Spike_T95I,Spike_A67V,Spike_S373P,Spike_Q493R,Spike_N969K,Spike_H655Y,Spike_N856K,N_R203K,Spike_G142D,NSP3_A1892T,Spike_Q954H,N_P13L,NSP3_L1266I,Spike_N501Y,M_Q19E,NSP4_T492I,Spike_N679K,Spike_N764K,Spike_L212I,NSP6_G107del,Spike_Y505H,NSP6_I189V,Spike_T547K,M_D3G,Spike_D796Y,N_G204R,Spike_T478K,Spike_V143del,M_A63T,Spike_G496S,NSP6_S106del,Spike_S371L,Spike_G339D,NSP3_S1265del,NSP14_I42V,Spike_P681H,Spike_Y144del,Spike_S375F,Spike_Q498R,Spike_S477N,NSP3_K38R,Spike_N211del,Spike_E484A,E_T9I,Spike_V70del,Spike_L981F,NSP12_P323L,Spike_D614G,Spike_Y145del)
hCoV-19/France/ARA-CERBAHC-12155655/2021	EPI_ISL_9257629	2021-12-17	Europe / France / Auvergne-Rhone-Alpes	Human	Original	Nasopharyngeal swab		random surveillance	Illumina	Nanoware, Life and Soft	Gap of 5 nucleotide(s) found at refpos 11287 (Frameshift confirmed by the submitter). Gap of 5 nucleotide(s) at refpos 11287 was previously seen. Gap of 8 nucleotide(s) found at refpos 28363 (Frameshift confirmed by the submitter). Gap of 34 nucleotides when compared to the reference WIV04 sequence.	info	BA.1	GRA	(NSP5_P132H,Spike_H69del,Spike_T95I,Spike_A67V,Spike_S373P,Spike_Q493R,Spike_N969K,Spike_H655Y,Spike_N856K,N_R203K,Spike_G142D,NSP3_A1892T,Spike_Q954H,NSP3_E95G,N_P13L,NSP3_L1266I,Spike_N501Y,M_Q19E,NSP4_T492I,Spike_N679K,Spike_N764K,Spike_L212I,NSP6_G107del,Spike_Y505H,NSP6_I189V,Spike_T547K,M_D3G,Spike_D796Y,N_G204R,Spike_T478K,Spike_V143del,M_A63T,Spike_G496S,NSP6_S106del,Spike_S371L,Spike_G339D,NSP3_S1265del,NSP14_I42V,Spike_P681H,Spike_Y144del,Spike_S375F,Spike_Q498R,Spike_S477N,NSP3_K38R,Spike_N211del,Spike_E484A,E_T9I,Spike_V70del,Spike_L981F,NSP12_P323L,Spike_D614G,Spike_Y145del)
hCoV-19/France/ARA-CERBAHC-12156168/2021	EPI_ISL_9257632	2021-12-18	Europe / France / Auvergne-Rhone-Alpes	Human	Original	Nasopharyngeal swab		random surveillance	Illumina	Nanoware, Life and Soft	Gap of 5 nucleotide(s) found at refpos 11287 (Frameshift confirmed by the submitter). Gap of 5 nucleotide(s) at refpos 11287 was previously seen. Gap of 8 nucleotide(s) found at refpos 28363 (Frameshift confirmed by the submitter). Gap of 34 nucleotides when compared to the reference WIV04 sequence.	info	BA.1	GRA	(NSP5_P132H,Spike_H69del,Spike_T95I,Spike_A67V,Spike_S373P,Spike_Q493R,Spike_N969K,Spike_H655Y,Spike_N856K,N_R203K,Spike_G142D,NSP3_A1892T,Spike_Q954H,N_P13L,NSP3_L1266I,Spike_N501Y,M_Q19E,NSP4_T492I,Spike_N679K,Spike_N764K,Spike_L212I,NSP6_G107del,Spike_Y505H,NSP6_I189V,Spike_T547K,M_D3G,Spike_D796Y,N_G204R,Spike_T478K,Spike_V143del,M_A63T,Spike_G496S,NSP6_S106del,Spike_S371L,Spike_G339D,NSP3_S1265del,NSP14_I42V,Spike_P681H,Spike_Y144del,Spike_S375F,Spike_Q498R,Spike_S477N,NSP3_K38R,Spike_N211del,Spike_E484A,E_T9I,Spike_V70del,Spike_L981F,NSP12_P323L,Spike_D614G,Spike_Y145del)
hCoV-19/France/ARA-CERBAHC-12156238/2021	EPI_ISL_9257633	2021-12-16	Europe / France / Auvergne-Rhone-Alpes	Human	Original	Nasopharyngeal swab		random surveillance	Illumina	Nanoware, Life and Soft	Gap of 5 nucleotide(s) found at refpos 11287 (Frameshift confirmed by the submitter). Gap of 5 nucleotide(s) at refpos 11287 was previously seen. Gap of 8 nucleotide(s) found at refpos 28363 (Frameshift confirmed by the submitter). Gap of 34 nucleotides when compared to the reference WIV04 sequence.	info	BA.1	GRA	(NSP5_P132H,Spike_H69del,Spike_T95I,Spike_A67V,Spike_S373P,Spike_Q493R,Spike_N969K,Spike_H655Y,Spike_N856K,N_R203K,Spike_G142D,NSP3_A1892T,Spike_Q954H,N_P13L,NSP3_L1266I,Spike_N501Y,M_Q19E,NSP4_T492I,Spike_N679K,Spike_N764K,Spike_L212I,NSP6_G107del,Spike_Y505H,NSP6_I189V,Spike_T547K,M_D3G,Spike_D796Y,N_G204R,Spike_T478K,Spike_V143del,M_A63T,Spike_G496S,NSP6_S106del,Spike_S371L,Spike_G339D,NSP3_S1265del,NSP14_I42V,Spike_P681H,Spike_Y144del,Spike_S375F,Spike_Q498R,Spike_S477N,NSP3_K38R,Spike_N211del,Spike_E484A,E_T9I,Spike_V70del,Spike_L981F,NSP12_P323L,Spike_D614G,Spike_Y145del)
hCoV-19/France/NAQ-CERBAHC-12153280/2021	EPI_ISL_9257639	2021-12-17	Europe / France / Nouvelle-Aquitaine	Human	Original	Nasopharyngeal swab		random surveillance	Illumina	Nanoware, Life and Soft	Gap of 5 nucleotide(s) found at refpos 11287 (Frameshift confirmed by the submitter). Gap of 5 nucleotide(s) at refpos 11287 was previously seen. Gap of 8 nucleotide(s) found at refpos 28363 (Frameshift confirmed by the submitter). Gap of 34 nucleotides when compared to the reference WIV04 sequence.	info	BA.1	GRA	(NSP5_P132H,Spike_H69del,Spike_T95I,Spike_A67V,Spike_S373P,Spike_Q493R,Spike_N969K,Spike_H655Y,Spike_N856K,N_R203K,Spike_G142D,NSP3_A1892T,Spike_Q954H,N_P13L,NSP3_L1266I,Spike_N501Y,M_Q19E,NSP4_T492I,Spike_N679K,Spike_N764K,Spike_L212I,NSP6_G107del,Spike_Y505H,NSP6_I189V,Spike_T547K,M_D3G,Spike_D796Y,N_G204R,Spike_T478K,Spike_V143del,M_A63T,Spike_G496S,NSP6_S106del,Spike_S371L,Spike_G339D,NSP3_S1265del,NSP14_I42V,Spike_P681H,Spike_Y144del,Spike_S375F,Spike_Q498R,Spike_S477N,NSP3_K38R,Spike_N211del,Spike_E484A,E_T9I,Spike_V70del,Spike_L981F,NSP12_P323L,Spike_D614G,Spike_Y145del)
hCoV-19/France/IDF-CERBAHC-01650326/2022	EPI_ISL_9257736	2022-01-16	Europe / France / Ile-de-France	Human	Original	Nasopharyngeal swab		random surveillance	Illumina	Nanoware, Life and Soft	Gap of 5 nucleotide(s) found at refpos 11287 (Frameshift confirmed by the submitter). Gap of 5 nucleotide(s) at refpos 11287 was previously seen. Gap of 8 nucleotide(s) found at refpos 28363 (Frameshift confirmed by the submitter). Gap of 34 nucleotides when compared to the reference WIV04 sequence.	info	BA.1	GRA	(NSP5_P132H,Spike_H69del,Spike_T95I,Spike_A67V,Spike_S373P,Spike_Q493R,Spike_N969K,Spike_H655Y,Spike_N856K,N_R203K,Spike_G142D,NSP3_A1892T,Spike_Q954H,N_P13L,NSP3_L1266I,Spike_N501Y,M_Q19E,Spike_N440K,NSP4_T492I,Spike_N679K,Spike_N764K,Spike_L212I,NSP6_G107del,Spike_Y505H,NSP6_I189V,Spike_T547K,M_D3G,Spike_D796Y,N_G204R,Spike_T478K,Spike_V143del,M_A63T,Spike_G496S,Spike_K417N,NSP6_S106del,Spike_S371L,Spike_G339D,NSP3_S1265del,NSP14_I42V,Spike_P681H,Spike_Y144del,Spike_S375F,Spike_Q498R,Spike_G446S,Spike_S477N,NSP3_K38R,Spike_N211del,Spike_E484A,E_T9I,Spike_V70del,Spike_L981F,NSP12_P323L,Spike_D614G,Spike_Y145del)
hCoV-19/France/IDF-CERBAHC-01677567/2022	EPI_ISL_9257741	2022-01-17	Europe / France / Ile-de-France	Human	Original	Nasopharyngeal swab		random surveillance	Illumina	Nanoware, Life and Soft	Gap of 5 nucleotide(s) found at refpos 11287 (Frameshift confirmed by the submitter). Gap of 5 nucleotide(s) at refpos 11287 was previously seen. Gap of 8 nucleotide(s) found at refpos 28363 (Frameshift confirmed by the submitter). Gap of 34 nucleotides when compared to the reference WIV04 sequence.	info	BA.1	GRA	(NSP5_P132H,Spike_H69del,Spike_T95I,Spike_A67V,Spike_S373P,Spike_Q493R,Spike_N969K,Spike_H655Y,Spike_N856K,N_R203K,Spike_G142D,NSP3_A1892T,Spike_Q954H,N_P13L,NSP3_L1266I,Spike_N501Y,NSP2_D155G,M_Q19E,NSP4_T492I,Spike_N679K,Spike_N764K,Spike_L212I,NSP6_G107del,Spike_Y505H,NSP6_I189V,Spike_T547K,M_D3G,Spike_D796Y,N_G204R,Spike_T478K,Spike_V143del,M_A63T,Spike_G496S,NSP6_S106del,Spike_S371L,Spike_G339D,NSP3_S1265del,NSP14_I42V,Spike_P681H,Spike_Y144del,Spike_S375F,Spike_Q498R,Spike_S477N,NSP3_K38R,Spike_N211del,Spike_E484A,E_T9I,Spike_V70del,Spike_L981F,NSP12_P323L,Spike_D614G,Spike_Y145del)
hCoV-19/France/IDF-CERBAHC-01687048/2022	EPI_ISL_9257742	2022-01-18	Europe / France / Ile-de-France	Human	Original	Nasopharyngeal swab		random surveillance	Illumina	Nanoware, Life and Soft	Gap of 5 nucleotide(s) found at refpos 11287 (Frameshift confirmed by the submitter). Gap of 5 nucleotide(s) at refpos 11287 was previously seen. Gap of 8 nucleotide(s) found at refpos 28363 (Frameshift confirmed by the submitter). Gap of 34 nucleotides when compared to the reference WIV04 sequence.	info	BA.1	GRA	(NSP5_P132H,Spike_H69del,Spike_T95I,Spike_A67V,Spike_S373P,Spike_Q493R,Spike_N969K,Spike_H655Y,Spike_N856K,N_R203K,Spike_G142D,NSP3_A1892T,Spike_Q954H,N_P13L,NSP3_L1266I,Spike_N501Y,M_Q19E,NSP4_T492I,Spike_N679K,Spike_N764K,Spike_L212I,NSP6_G107del,Spike_Y505H,NSP6_I189V,Spike_T547K,M_D3G,Spike_D796Y,N_G204R,Spike_T478K,Spike_V143del,M_A63T,Spike_G496S,Spike_K417N,NSP6_S106del,Spike_S371L,Spike_G339D,NSP3_S1265del,NSP14_I42V,Spike_P681H,Spike_Y144del,Spike_S375F,Spike_Q498R,Spike_S477N,NSP3_K38R,Spike_N211del,Spike_E484A,E_T9I,Spike_V70del,Spike_L981F,NSP12_P323L,Spike_D614G,Spike_Y145del)
hCoV-19/France/IDF-CERBAHC-12235195/2021	EPI_ISL_9257847	2021-12-27	Europe / France / Ile-de-France	Human	Original	Nasopharyngeal swab		random surveillance	Illumina	Nanoware, Life and Soft	Gap of 5 nucleotide(s) found at refpos 11287 (Frameshift confirmed by the submitter). Gap of 5 nucleotide(s) at refpos 11287 was previously seen. Gap of 8 nucleotide(s) found at refpos 28363 (Frameshift confirmed by the submitter). Gap of 34 nucleotides when compared to the reference WIV04 sequence.	info	BA.1	GRA	(NSP5_P132H,Spike_H69del,Spike_T95I,Spike_A67V,Spike_S373P,Spike_Q493R,Spike_N969K,Spike_H655Y,Spike_N856K,N_R203K,Spike_G142D,NSP3_A1892T,Spike_Q954H,N_P13L,NSP3_L1266I,Spike_N501Y,NSP2_S122F,M_Q19E,NSP4_T492I,Spike_N679K,Spike_N764K,Spike_L212I,NSP6_G107del,Spike_Y505H,NSP6_I189V,Spike_T547K,M_D3G,Spike_D796Y,N_G204R,Spike_T478K,Spike_V143del,M_A63T,Spike_G496S,NSP6_S106del,Spike_S371L,Spike_G339D,NSP3_S1265del,NSP14_I42V,Spike_P681H,Spike_Y144del,Spike_S375F,Spike_Q498R,NS7a_D69N,Spike_S477N,NSP3_K38R,Spike_N211del,Spike_E484A,E_T9I,Spike_V70del,Spike_L981F,NSP12_P323L,Spike_D614G,Spike_Y145del)
hCoV-19/France/IDF-CERBAHC-12266830/2021	EPI_ISL_9257853	2021-12-27	Europe / France / Ile-de-France	Human	Original	Nasopharyngeal swab		random surveillance	Illumina	Nanoware, Life and Soft	Gap of 5 nucleotide(s) found at refpos 11287 (Frameshift confirmed by the submitter). Gap of 5 nucleotide(s) at refpos 11287 was previously seen. Gap of 8 nucleotide(s) found at refpos 28363 (Frameshift confirmed by the submitter). Gap of 34 nucleotides when compared to the reference WIV04 sequence.	info	BA.1	GRA	(NSP5_P132H,Spike_H69del,Spike_T95I,Spike_A67V,Spike_S373P,Spike_Q493R,Spike_N969K,Spike_H655Y,Spike_N856K,N_R203K,Spike_G142D,NSP3_A1892T,Spike_Q954H,N_P13L,NSP3_L1266I,Spike_N501Y,M_Q19E,NSP4_T492I,Spike_N679K,Spike_N764K,Spike_L212I,NSP6_G107del,Spike_Y505H,NSP6_I189V,Spike_T547K,M_D3G,Spike_D796Y,N_G204R,Spike_T478K,Spike_V143del,M_A63T,Spike_G496S,NSP6_S106del,Spike_S371L,Spike_G339D,NSP3_S1265del,NSP14_I42V,Spike_P681H,Spike_Y144del,Spike_S375F,Spike_Q498R,Spike_S477N,NSP3_K38R,Spike_N211del,Spike_E484A,E_T9I,Spike_V70del,Spike_L981F,NSP12_P323L,Spike_D614G,NSP12_F694Y,Spike_Y145del)
hCoV-19/France/IDF-CERBAHC-12269458/2021	EPI_ISL_9469260	2021-12-27	Europe / France / Ile-de-France	Human	Original	Nasopharyngeal swab		random surveillance	Illumina	Nanoware, Life and Soft	Gap of 5 nucleotide(s) found at refpos 11287 (Frameshift confirmed by the submitter). Gap of 5 nucleotide(s) at refpos 11287 was previously seen. Gap of 8 nucleotide(s) found at refpos 28363 (Frameshift confirmed by the submitter). Gap of 34 nucleotides when compared to the reference WIV04 sequence.	info	BA.1	GRA	(NSP5_P132H,Spike_H69del,Spike_T95I,Spike_A67V,Spike_S373P,Spike_Q493R,Spike_N969K,Spike_H655Y,Spike_N856K,N_R203K,Spike_G142D,NSP3_A1892T,Spike_Q954H,N_P13L,NSP3_L1266I,Spike_N501Y,M_Q19E,NSP4_T492I,Spike_N679K,Spike_N764K,Spike_L212I,NSP6_G107del,Spike_Y505H,NSP6_I189V,Spike_T547K,M_D3G,Spike_D796Y,N_G204R,Spike_T478K,Spike_V143del,M_A63T,Spike_G496S,NSP6_S106del,Spike_S371L,Spike_G339D,NSP3_S1265del,NSP14_I42V,Spike_P681H,Spike_Y144del,Spike_S375F,Spike_Q498R,Spike_S477N,NSP3_K38R,Spike_N211del,Spike_P1162L,Spike_E484A,E_T9I,Spike_V70del,Spike_L981F,NSP12_P323L,Spike_D614G,NSP12_F694Y,Spike_Y145del)
hCoV-19/France/IDF-CERBAHC-12269734/2021	EPI_ISL_9469261	2021-12-27	Europe / France / Ile-de-France	Human	Original	Nasopharyngeal swab		random surveillance	Illumina	Nanoware, Life and Soft	Gap of 5 nucleotide(s) found at refpos 11287 (Frameshift confirmed by the submitter). Gap of 5 nucleotide(s) at refpos 11287 was previously seen. Gap of 8 nucleotide(s) found at refpos 28363 (Frameshift confirmed by the submitter). Gap of 34 nucleotides when compared to the reference WIV04 sequence.	info	BA.1	GRA	(NSP5_P132H,Spike_H69del,Spike_T95I,Spike_A67V,Spike_S373P,Spike_Q493R,Spike_N969K,Spike_H655Y,Spike_N856K,N_R203K,Spike_G142D,NSP3_A1892T,Spike_Q954H,N_P13L,NSP3_L1266I,Spike_N501Y,M_Q19E,NSP4_T492I,Spike_N679K,Spike_N764K,Spike_L212I,NSP6_G107del,Spike_Y505H,NSP6_I189V,Spike_T547K,M_D3G,Spike_D796Y,N_G204R,Spike_T478K,Spike_V143del,M_A63T,Spike_G496S,NSP6_S106del,Spike_S371L,Spike_G339D,NSP3_S1265del,NSP14_I42V,Spike_P681H,Spike_Y144del,Spike_S375F,Spike_Q498R,Spike_S477N,NSP3_K38R,Spike_N211del,Spike_E484A,E_T9I,Spike_V70del,NSP13_T530I,Spike_L981F,NSP12_P323L,Spike_D614G,Spike_Y145del)
hCoV-19/France/IDF-CERBAHC-12270108/2021	EPI_ISL_9469267	2021-12-27	Europe / France / Ile-de-France	Human	Original	Nasopharyngeal swab		random surveillance	Illumina	Nanoware, Life and Soft	Gap of 5 nucleotide(s) found at refpos 11287 (Frameshift confirmed by the submitter). Gap of 5 nucleotide(s) at refpos 11287 was previously seen. Gap of 8 nucleotide(s) found at refpos 28363 (Frameshift confirmed by the submitter). Gap of 34 nucleotides when compared to the reference WIV04 sequence.	info	BA.1	GRA	(NSP5_P132H,Spike_H69del,Spike_T95I,Spike_A67V,Spike_S373P,Spike_Q493R,Spike_N969K,Spike_H655Y,Spike_N856K,N_R203K,Spike_G142D,NSP3_A1892T,Spike_Q954H,N_P13L,NSP3_L1266I,Spike_N501Y,M_Q19E,NSP4_T492I,Spike_N679K,Spike_N764K,Spike_L212I,NSP6_G107del,Spike_Y505H,NSP6_I189V,Spike_T547K,M_D3G,Spike_D796Y,N_G204R,Spike_T478K,Spike_V143del,M_A63T,Spike_G496S,NSP6_S106del,Spike_S371L,Spike_G339D,NSP3_S1265del,NSP14_I42V,Spike_P681H,Spike_Y144del,Spike_S375F,Spike_Q498R,Spike_S477N,NSP3_K38R,Spike_N211del,Spike_E484A,E_T9I,Spike_V70del,NSP13_T530I,Spike_L981F,NSP12_P323L,Spike_D614G,Spike_Y145del)
hCoV-19/France/CVL-CERBAHC-01435816/2022	EPI_ISL_9470044	2022-01-03	Europe / France / Centre-Val de Loire	Human	Original	Nasopharyngeal swab		random surveillance	Illumina	Nanoware, Life and Soft	Gap of 5 nucleotide(s) found at refpos 11287 (Frameshift confirmed by the submitter). Gap of 5 nucleotide(s) at refpos 11287 was previously seen. Gap of 8 nucleotide(s) found at refpos 28363 (Frameshift confirmed by the submitter). Gap of 34 nucleotides when compared to the reference WIV04 sequence.	info	BA.1	GRA	(NSP5_P132H,Spike_H69del,Spike_T95I,Spike_A67V,Spike_S373P,Spike_Q493R,Spike_N969K,Spike_H655Y,Spike_N856K,N_R203K,Spike_G142D,E_S50G,NSP3_A1892T,Spike_Q954H,N_P13L,NSP3_L1266I,Spike_N501Y,M_Q19E,NSP4_T492I,Spike_N679K,Spike_N764K,Spike_L212I,NSP6_G107del,Spike_Y505H,NSP6_I189V,Spike_T547K,M_D3G,Spike_D796Y,N_G204R,Spike_T478K,Spike_V143del,M_A63T,Spike_G496S,NSP6_S106del,Spike_S371L,Spike_G339D,NSP3_S1265del,NSP14_I42V,Spike_P681H,Spike_Y144del,Spike_S375F,Spike_Q498R,NSP15_A80V,Spike_S477N,NSP1_V14G,NSP3_K38R,Spike_N211del,Spike_E484A,E_T9I,Spike_V70del,Spike_L981F,NSP12_P323L,Spike_D614G,Spike_Y145del)
hCoV-19/France/IDF-CERBAHC-01422669/2022	EPI_ISL_9470060	2022-01-05	Europe / France / Ile-de-France	Human	Original	Nasopharyngeal swab		random surveillance	Illumina	Nanoware, Life and Soft	Gap of 5 nucleotide(s) found at refpos 11287 (Frameshift confirmed by the submitter). Gap of 5 nucleotide(s) at refpos 11287 was previously seen. Gap of 8 nucleotide(s) found at refpos 28363 (Frameshift confirmed by the submitter). Gap of 34 nucleotides when compared to the reference WIV04 sequence.	info	BA.1	GRA	(NSP5_P132H,Spike_H69del,Spike_T95I,Spike_A67V,Spike_S373P,Spike_Q493R,Spike_N969K,Spike_H655Y,Spike_N856K,N_R203K,Spike_G142D,NSP3_A1892T,Spike_Q954H,N_P13L,NSP3_L1266I,Spike_N501Y,M_Q19E,NSP4_T492I,Spike_N679K,Spike_N764K,Spike_L212I,NSP6_G107del,Spike_Y505H,NSP6_I189V,Spike_T547K,M_D3G,Spike_D796Y,N_G204R,Spike_T478K,Spike_V143del,M_A63T,NSP15_Q19R,Spike_G496S,NSP6_S106del,Spike_S371L,NSP13_T380I,Spike_G339D,NSP3_S1265del,NSP14_I42V,Spike_P681H,Spike_Y144del,Spike_S375F,Spike_Q498R,Spike_S477N,NSP3_K38R,Spike_N211del,Spike_E484A,E_T9I,Spike_V70del,NSP13_T530I,Spike_L981F,NSP12_P323L,Spike_D614G,Spike_Y145del)
hCoV-19/France/IDF-CERBAHC-01455792/2022	EPI_ISL_9470063	2022-01-07	Europe / France / Ile-de-France	Human	Original	Nasopharyngeal swab		random surveillance	Illumina	Nanoware, Life and Soft	Gap of 5 nucleotide(s) found at refpos 11287 (Frameshift confirmed by the submitter). Gap of 5 nucleotide(s) at refpos 11287 was previously seen. Gap of 8 nucleotide(s) found at refpos 28363 (Frameshift confirmed by the submitter). Gap of 34 nucleotides when compared to the reference WIV04 sequence.	info	BA.1	GRA	(NSP5_P132H,Spike_H69del,Spike_T95I,Spike_A67V,Spike_S373P,Spike_Q493R,Spike_N969K,Spike_H655Y,Spike_N856K,N_R203K,Spike_G142D,NSP3_A1892T,Spike_Q954H,N_P13L,NSP3_L1266I,Spike_N501Y,M_Q19E,NSP4_T492I,Spike_N679K,Spike_N764K,Spike_L212I,NSP6_G107del,Spike_Y505H,NSP6_I189V,Spike_T547K,M_D3G,Spike_D796Y,N_G204R,Spike_T478K,Spike_V143del,M_A63T,Spike_G496S,NSP6_S106del,Spike_S371L,Spike_G339D,NSP3_S1265del,NSP14_I42V,Spike_P681H,Spike_Y144del,Spike_S375F,Spike_Q498R,NSP14_K311N,Spike_S477N,NSP3_K38R,Spike_N211del,Spike_E484A,E_T9I,Spike_V70del,Spike_L981F,NSP12_P323L,Spike_D614G,Spike_Y145del)
hCoV-19/France/IDF-CERBAHC-01484767/2022	EPI_ISL_9470065	2022-01-07	Europe / France / Ile-de-France	Human	Original	Nasopharyngeal swab		random surveillance	Illumina	Nanoware, Life and Soft	Gap of 5 nucleotide(s) found at refpos 11287 (Frameshift confirmed by the submitter). Gap of 5 nucleotide(s) at refpos 11287 was previously seen. Gap of 8 nucleotide(s) found at refpos 28363 (Frameshift confirmed by the submitter). Gap of 34 nucleotides when compared to the reference WIV04 sequence.	info	BA.1	GRA	(NSP5_P132H,Spike_H69del,Spike_T95I,Spike_A67V,Spike_S373P,Spike_Q493R,Spike_N969K,Spike_H655Y,Spike_N856K,N_R203K,Spike_G142D,NSP3_A1892T,Spike_Q954H,N_P13L,NSP3_L1266I,Spike_N501Y,M_Q19E,NSP4_T492I,Spike_N679K,Spike_N764K,Spike_L212I,NSP6_G107del,Spike_Y505H,NSP6_I189V,NSP3_I1030V,Spike_T547K,M_D3G,Spike_D796Y,N_G204R,Spike_T478K,Spike_V143del,M_A63T,Spike_G496S,NSP6_S106del,Spike_S371L,Spike_G339D,NSP3_S1265del,NSP14_I42V,Spike_P681H,Spike_Y144del,Spike_S375F,Spike_Q498R,Spike_S477N,NSP3_K38R,Spike_N211del,Spike_E484A,E_T9I,Spike_V70del,Spike_L981F,NSP12_P323L,Spike_D614G,Spike_Y145del)
hCoV-19/France/IDF-CERBAHC-01484822/2022	EPI_ISL_9470066	2022-01-07	Europe / France / Ile-de-France	Human	Original	Nasopharyngeal swab		random surveillance	Illumina	Nanoware, Life and Soft	Gap of 5 nucleotide(s) found at refpos 11287 (Frameshift confirmed by the submitter). Gap of 5 nucleotide(s) at refpos 11287 was previously seen. Gap of 8 nucleotide(s) found at refpos 28363 (Frameshift confirmed by the submitter). Gap of 34 nucleotides when compared to the reference WIV04 sequence.	info	BA.1	GRA	(NSP5_P132H,Spike_H69del,Spike_T95I,Spike_A67V,Spike_S373P,Spike_Q493R,Spike_N969K,Spike_H655Y,Spike_N856K,N_R203K,Spike_G142D,NSP3_A1892T,Spike_Q954H,N_P13L,NSP3_L1266I,Spike_N501Y,M_Q19E,NSP4_T492I,Spike_N679K,Spike_N764K,Spike_L212I,NSP6_G107del,Spike_Y505H,NSP6_I189V,NSP3_I1030V,Spike_T547K,M_D3G,Spike_D796Y,N_G204R,Spike_T478K,Spike_V143del,M_A63T,Spike_G496S,NSP6_S106del,Spike_S371L,Spike_G339D,NSP3_S1265del,NSP14_I42V,Spike_P681H,Spike_Y144del,Spike_S375F,Spike_Q498R,Spike_S477N,NSP3_K38R,Spike_N211del,Spike_E484A,E_T9I,Spike_V70del,Spike_L981F,NSP12_P323L,Spike_D614G,Spike_Y145del)
hCoV-19/France/IDF-CERBAHC-01484410/2022	EPI_ISL_9470068	2022-01-09	Europe / France / Ile-de-France	Human	Original	Nasopharyngeal swab		random surveillance	Illumina	Nanoware, Life and Soft	Gap of 5 nucleotide(s) found at refpos 11287 (Frameshift confirmed by the submitter). Gap of 5 nucleotide(s) at refpos 11287 was previously seen. Gap of 8 nucleotide(s) found at refpos 28363 (Frameshift confirmed by the submitter). Gap of 34 nucleotides when compared to the reference WIV04 sequence.	info	BA.1	GRA	(NSP5_P132H,Spike_H69del,Spike_T95I,Spike_A67V,Spike_S373P,Spike_Q493R,Spike_N969K,Spike_H655Y,Spike_N856K,N_R203K,Spike_G142D,NSP3_A1892T,Spike_Q954H,N_P13L,NSP3_L1266I,Spike_N501Y,M_Q19E,NSP4_T492I,Spike_N679K,Spike_N764K,Spike_L212I,NSP6_G107del,Spike_Y505H,NSP6_I189V,Spike_T547K,M_D3G,Spike_D796Y,N_G204R,Spike_T478K,Spike_V143del,M_A63T,Spike_G496S,NS7a_R25I,NSP6_S106del,Spike_S371L,Spike_G339D,NSP3_S1265del,NSP14_I42V,Spike_P681H,Spike_Y144del,Spike_S375F,Spike_Q498R,Spike_S477N,NSP3_K38R,Spike_N211del,Spike_E484A,E_T9I,Spike_V70del,Spike_L981F,NSP12_P323L,Spike_D614G,Spike_Y145del)
hCoV-19/France/IDF-CERBAHC-01484476/2022	EPI_ISL_9470069	2022-01-09	Europe / France / Ile-de-France	Human	Original	Nasopharyngeal swab		random surveillance	Illumina	Nanoware, Life and Soft	Gap of 5 nucleotide(s) found at refpos 11287 (Frameshift confirmed by the submitter). Gap of 5 nucleotide(s) at refpos 11287 was previously seen. Gap of 8 nucleotide(s) found at refpos 28363 (Frameshift confirmed by the submitter). Gap of 34 nucleotides when compared to the reference WIV04 sequence.	info	BA.1	GRA	(NSP5_P132H,Spike_H69del,Spike_T95I,Spike_A67V,Spike_S373P,Spike_Q493R,Spike_N969K,Spike_H655Y,Spike_N856K,N_R203K,Spike_G142D,NSP3_A1892T,Spike_Q954H,N_P13L,NSP3_L1266I,Spike_N501Y,M_Q19E,NSP4_T492I,Spike_N679K,Spike_N764K,Spike_L212I,NSP6_G107del,Spike_Y505H,NSP6_I189V,Spike_T547K,M_D3G,Spike_D796Y,N_G204R,Spike_T478K,Spike_V143del,M_A63T,Spike_G496S,NSP6_S106del,Spike_S371L,Spike_G339D,NSP3_S1265del,NSP14_I42V,Spike_P681H,Spike_Y144del,Spike_S375F,Spike_Q498R,Spike_S477N,NSP3_K38R,Spike_N211del,Spike_E484A,E_T9I,Spike_V70del,Spike_L981F,NSP12_P323L,Spike_D614G,Spike_Y145del)
hCoV-19/France/IDF-CERBAHC-01484550/2022	EPI_ISL_9470070	2022-01-09	Europe / France / Ile-de-France	Human	Original	Nasopharyngeal swab		random surveillance	Illumina	Nanoware, Life and Soft	Gap of 5 nucleotide(s) found at refpos 11287 (Frameshift confirmed by the submitter). Gap of 5 nucleotide(s) at refpos 11287 was previously seen. Gap of 8 nucleotide(s) found at refpos 28363 (Frameshift confirmed by the submitter). Gap of 34 nucleotides when compared to the reference WIV04 sequence.	info	BA.1	GRA	(NSP5_P132H,Spike_H69del,Spike_T95I,Spike_A67V,Spike_S373P,Spike_Q493R,Spike_N969K,Spike_H655Y,Spike_N856K,N_R203K,Spike_G142D,NSP3_A1892T,Spike_Q954H,N_P13L,NSP3_L1266I,Spike_N501Y,M_Q19E,NSP4_T492I,Spike_N679K,Spike_N764K,Spike_L212I,NSP6_G107del,Spike_Y505H,NSP6_I189V,Spike_T547K,M_D3G,Spike_D796Y,N_G204R,Spike_T478K,Spike_V143del,M_A63T,Spike_G496S,NSP6_S106del,Spike_S371L,Spike_G339D,NSP3_S1265del,NSP14_I42V,Spike_P681H,Spike_Y144del,Spike_S375F,Spike_Q498R,NSP15_R90K,Spike_S477N,NSP3_K38R,Spike_N211del,Spike_E484A,E_T9I,NSP3_G171V,Spike_V70del,Spike_L981F,NSP12_P323L,Spike_D614G,Spike_Y145del)
hCoV-19/France/GES-CERBAHC-01886526/2022	EPI_ISL_9602918	2022-01-24	Europe / France / Grand Est	Human	Original	Nasopharyngeal swab		random surveillance	Illumina	Nanoware, Life and Soft	Gap of 5 nucleotide(s) found at refpos 11287 (Frameshift confirmed by the submitter). Gap of 5 nucleotide(s) at refpos 11287 was previously seen. Gap of 8 nucleotide(s) found at refpos 28363 (Frameshift confirmed by the submitter). Gap of 34 nucleotides when compared to the reference WIV04 sequence.	info	BA.1	GRA	(NSP5_P132H,Spike_H69del,Spike_T95I,Spike_A67V,Spike_S373P,Spike_Q493R,Spike_N969K,Spike_H655Y,Spike_N856K,N_R203K,Spike_G142D,NSP3_A1892T,Spike_Q954H,N_P13L,NSP3_L1266I,Spike_N501Y,M_Q19E,NSP4_T492I,Spike_N679K,Spike_N764K,Spike_L212I,NSP6_G107del,Spike_Y505H,NSP6_I189V,Spike_T547K,M_D3G,Spike_D796Y,N_G204R,Spike_T478K,Spike_V143del,M_A63T,Spike_G496S,NSP6_S106del,Spike_S371L,Spike_G339D,NSP3_S1265del,NSP14_I42V,Spike_P681H,Spike_Y144del,Spike_S375F,Spike_Q498R,Spike_S477N,NSP3_K38R,Spike_N211del,Spike_E484A,E_T9I,Spike_V70del,Spike_L981F,NSP12_P323L,Spike_D614G,Spike_Y145del)
hCoV-19/France/IDF-CERBAHC-01953972/2022	EPI_ISL_9602930	2022-01-31	Europe / France / Ile-de-France	Human	Original	Nasopharyngeal swab		random surveillance	Illumina	Nanoware, Life and Soft	Gap of 5 nucleotide(s) found at refpos 11287 (Frameshift confirmed by the submitter). Gap of 5 nucleotide(s) at refpos 11287 was previously seen. Gap of 8 nucleotide(s) found at refpos 28363 (Frameshift confirmed by the submitter). Gap of 34 nucleotides when compared to the reference WIV04 sequence.	info	BA.1	GRA	(NSP5_P132H,Spike_H69del,Spike_T95I,Spike_A67V,Spike_S373P,Spike_Q493R,Spike_N969K,Spike_H655Y,Spike_N856K,N_R203K,Spike_G142D,NSP3_A1892T,Spike_Q954H,N_P13L,NSP3_L1266I,Spike_N501Y,M_Q19E,Spike_N440K,NSP4_T492I,Spike_N679K,Spike_N764K,Spike_L212I,NSP6_G107del,Spike_Y505H,NSP6_I189V,Spike_T547K,M_D3G,Spike_D796Y,N_G204R,Spike_T478K,Spike_V143del,M_A63T,Spike_G496S,Spike_K417N,NSP6_S106del,Spike_S371L,Spike_G339D,NSP3_S1265del,NSP14_I42V,Spike_P681H,Spike_Y144del,Spike_S375F,Spike_Q498R,Spike_G446S,Spike_S477N,NSP3_K38R,Spike_N211del,Spike_E484A,E_T9I,Spike_V70del,Spike_L981F,NSP12_P323L,Spike_D614G,Spike_Y145del)
hCoV-19/France/IDF-CERBAHC-01954646/2022	EPI_ISL_9602933	2022-01-31	Europe / France / Ile-de-France	Human	Original	Nasopharyngeal swab		random surveillance	Illumina	Nanoware, Life and Soft	Gap of 5 nucleotide(s) found at refpos 11287 (Frameshift confirmed by the submitter). Gap of 5 nucleotide(s) at refpos 11287 was previously seen. Gap of 8 nucleotide(s) found at refpos 28363 (Frameshift confirmed by the submitter). Gap of 34 nucleotides when compared to the reference WIV04 sequence.	info	BA.1	GRA	(NSP5_P132H,Spike_H69del,Spike_T95I,Spike_A67V,Spike_S373P,Spike_Q493R,Spike_N969K,Spike_H655Y,Spike_N856K,N_R203K,Spike_G142D,NSP3_A1892T,Spike_Q954H,N_P13L,NSP3_L1266I,Spike_N501Y,M_Q19E,Spike_N440K,NSP4_T492I,Spike_N679K,Spike_N764K,Spike_L212I,NSP6_G107del,Spike_Y505H,NSP6_I189V,Spike_T547K,M_D3G,Spike_D796Y,N_G204R,Spike_T478K,Spike_V143del,M_A63T,Spike_G496S,Spike_K417N,NSP6_S106del,Spike_S371L,Spike_G339D,NSP3_S1265del,NSP14_I42V,Spike_P681H,Spike_Y144del,Spike_S375F,Spike_Q498R,Spike_G446S,Spike_S477N,NSP3_K38R,Spike_N211del,Spike_E484A,E_T9I,Spike_V70del,Spike_L981F,NSP12_P323L,Spike_D614G,Spike_Y145del)
hCoV-19/France/HDF-CERBAHC-01965789/2022	EPI_ISL_9602947	2022-01-31	Europe / France / Hauts-de-France	Human	Original	Nasopharyngeal swab		random surveillance	Illumina	Nanoware, Life and Soft	Gap of 5 nucleotide(s) found at refpos 11287 (Frameshift confirmed by the submitter). Gap of 5 nucleotide(s) at refpos 11287 was previously seen. Gap of 8 nucleotide(s) found at refpos 28363 (Frameshift confirmed by the submitter). Insertion of 3 nucleotides when compared to the reference WIV04 sequence. Gap of 34 nucleotides when compared to the reference WIV04 sequence.	info	BA.1	GRA	(NSP5_P132H,Spike_H69del,Spike_T95I,Spike_A67V,Spike_S373P,Spike_Q493R,Spike_N969K,Spike_H655Y,Spike_N856K,N_R203K,Spike_G142D,NSP3_A1892T,Spike_Q954H,N_P13L,NSP3_L1266I,Spike_N501Y,M_Q19E,Spike_N440K,NSP4_T492I,Spike_N679K,Spike_N764K,Spike_L212I,NSP6_G107del,Spike_Y505H,NSP6_I189V,Spike_T547K,M_D3G,Spike_D796Y,N_G204R,Spike_T478K,Spike_V143del,M_A63T,Spike_G496S,Spike_K417N,NSP6_S106del,Spike_S371L,Spike_G339D,NSP3_S1265del,NSP14_I42V,Spike_P681H,Spike_Y144del,Spike_S375F,Spike_Q498R,Spike_G446S,Spike_S477N,NSP3_K38R,Spike_N211del,Spike_E484A,E_T9I,Spike_V70del,Spike_L981F,NSP12_P323L,Spike_D614G,Spike_Y145del)
hCoV-19/France/CVL-CERBAHC-01965956/2022	EPI_ISL_9704060	2022-01-31	Europe / France / Provence-Alpes-Cote d’Azur	Human	Original	Nasopharyngeal swab		random surveillance	Illumina	Nanoware, Life and Soft	Gap of 5 nucleotide(s) found at refpos 11287 (Frameshift confirmed by submitter). Gap of 5 nucleotide(s) at refpos 11287 was previously seen. Gap of 8 nucleotide(s) found at refpos 28363 (Frameshift confirmed by submitter). Gap of 34 nucleotides when compared to the reference WIV04 sequence.	info	BA.1	GRA	(NSP5_P132H,Spike_H69del,Spike_T95I,Spike_A67V,Spike_S373P,Spike_Q493R,Spike_N969K,Spike_H655Y,Spike_N856K,N_R203K,Spike_G142D,NSP3_A1892T,Spike_Q954H,N_P13L,NSP3_L1266I,Spike_N501Y,M_Q19E,Spike_N440K,NSP4_T492I,Spike_N679K,Spike_N764K,Spike_L212I,NSP6_G107del,Spike_Y505H,NSP6_I189V,Spike_T547K,M_D3G,Spike_D796Y,N_G204R,Spike_T478K,Spike_V143del,M_A63T,NSP3_Y246C,Spike_G496S,NSP6_S106del,Spike_S371L,Spike_G339D,NSP3_S1265del,NSP14_I42V,Spike_P681H,Spike_Y144del,Spike_S375F,Spike_Q498R,Spike_G446S,Spike_S477N,NSP3_K38R,Spike_N211del,Spike_E484A,E_T9I,Spike_V70del,Spike_L981F,NSP12_P323L,Spike_D614G,Spike_Y145del)
hCoV-19/France/CVL-CERBAHC-01968240/2022	EPI_ISL_9704077	2022-01-31	Europe / France / Provence-Alpes-Cote d’Azur	Human	Original	Nasopharyngeal swab		random surveillance	Illumina	Nanoware, Life and Soft	Gap of 5 nucleotide(s) found at refpos 11287 (Frameshift confirmed by submitter). Gap of 5 nucleotide(s) at refpos 11287 was previously seen. Gap of 8 nucleotide(s) found at refpos 28363 (Frameshift confirmed by submitter). Gap of 34 nucleotides when compared to the reference WIV04 sequence.	info	BA.1	GRA	(NSP5_P132H,Spike_H69del,Spike_T95I,Spike_A67V,Spike_S373P,Spike_Q493R,Spike_N969K,Spike_H655Y,Spike_N856K,N_R203K,Spike_G142D,NSP3_A1892T,Spike_Q954H,N_P13L,NSP3_L1266I,Spike_N501Y,NSP2_Y420H,M_Q19E,Spike_N440K,NSP4_T492I,Spike_N679K,Spike_N764K,Spike_L212I,NSP6_G107del,Spike_Y505H,NSP6_I189V,Spike_T547K,M_D3G,Spike_D796Y,N_G204R,Spike_T478K,Spike_V143del,M_A63T,Spike_G496S,Spike_K417N,NSP6_S106del,Spike_S371L,Spike_G339D,NSP3_S1265del,NSP14_I42V,Spike_P681H,Spike_Y144del,Spike_S375F,Spike_Q498R,Spike_G446S,Spike_S477N,NSP3_K38R,Spike_N211del,Spike_E484A,E_T9I,Spike_V70del,NSP13_T530I,Spike_L981F,NSP12_P323L,Spike_D614G,Spike_Y145del)
hCoV-19/France/NAQ-IPP05251/2022	EPI_ISL_9879500	2022-01-17	Europe / France / Nouvelle-Aquitaine / Saintes	Human	Original	Nasopharyngeal swab			Illumina NextSeq 500	CLC Genomics Suite	Gap of 2 nucleotide(s) found at refpos 25394 (Frameshift confirmed by submitter). Gap of 2 nucleotide(s) at refpos 25394 was previously seen. Insertion of 3 nucleotides when compared to the reference WIV04 sequence. Gap of 38 nucleotides when compared to the reference WIV04 sequence.	info	BA.1	GRA	(NSP5_P132H,Spike_H69del,Spike_T95I,Spike_A67V,Spike_S373P,Spike_Q493R,Spike_N969K,Spike_H655Y,Spike_N856K,N_R203K,Spike_G142D,NSP3_A1892T,Spike_Q954H,N_P13L,NSP3_L1266I,Spike_N501Y,N_R32del,M_Q19E,Spike_N440K,NSP4_T492I,NSP6_L105del,Spike_N679K,Spike_N764K,NSP6_G107del,Spike_Y505H,NSP6_I189V,Spike_T547K,M_D3G,Spike_D796Y,N_G204R,Spike_T478K,Spike_V143del,M_A63T,Spike_G496S,Spike_K417N,NSP6_S106del,Spike_S371L,Spike_G339D,NS3_M1L,NSP3_S1265del,NSP14_I150T,NSP14_I42V,Spike_P681H,Spike_Y144del,Spike_ins214EPE,N_S33del,Spike_S375F,Spike_Q498R,Spike_G446S,Spike_S477N,N_E31del,NSP3_K38R,Spike_N211del,Spike_E484A,Spike_L212del,E_T9I,Spike_V70del,Spike_L981F,NSP12_P323L,Spike_D614G,Spike_Y145del)
hCoV-19/France/BRE-IPP06319/2022	EPI_ISL_9879542	2022-01-24	Europe / France / Bretagne / Brest	Human	Original	Nasopharyngeal swab			Illumina NextSeq 500	CLC Genomics Suite	Gap of 1 nucleotide(s) found at refpos 27700 (Frameshift confirmed by submitter). Gap of 1 nucleotide(s) at refpos 27700 was previously seen. Insertion of 6 nucleotides when compared to the reference WIV04 sequence. Gap of 37 nucleotides when compared to the reference WIV04 sequence.	info	BA.1	GRA	(NSP5_P132H,Spike_H69del,NS7a_V104L,Spike_T95I,Spike_A67V,Spike_S373P,Spike_Q493R,Spike_N969K,Spike_H655Y,Spike_N856K,N_R203K,Spike_G142D,NSP3_A1892T,Spike_Q954H,N_P13L,NSP3_L1266I,Spike_N501Y,NS7a_I103L,N_R32del,M_Q19E,Spike_N440K,NSP4_T492I,NSP6_L105del,Spike_N679K,Spike_N764K,Spike_L212I,NSP6_G107del,Spike_Y505H,NSP6_I189V,Spike_T547K,M_D3G,Spike_D796Y,N_G204R,Spike_T478K,Spike_V143del,M_A63T,Spike_G496S,Spike_K417N,NSP14_T378I,NSP6_S106del,Spike_S371L,Spike_G339D,NSP3_S1265del,NSP14_I42V,Spike_P681H,Spike_Y144del,Spike_ins214EPE,N_S33del,Spike_S375F,Spike_Q498R,Spike_G446S,Spike_D1259H,Spike_S477N,N_E31del,NS7a_F63L,NSP3_K38R,Spike_N211del,Spike_E484A,E_T9I,Spike_V70del,NSP13_T530I,Spike_L981F,NSP12_P323L,Spike_D614G,Spike_Y145del)
