Virus name	Accession ID	Collection date	Location	Host	Additional location information	Sampling strategy	Gender	Patient age	Patient status	Last vaccinated	Passage	Specimen	Additional host information	Lineage	Clade	AA Substitutions
hCoV-19/France/BFC-HMN-22022210157/2022	EPI_ISL_10758672	2022-02-14	Europe / France / Bourgogne-Franche-Comte	Human			Male	18	unknown		Original	Nasopharyngeal swab		XD	GRA	(NSP2_E172D,N_G215C,NSP3_A1711V,Spike_T95I,N_D63G,N_R203M,NSP12_G671S,Spike_K417N,Spike_S373P,Spike_N969K,Spike_N856K,Spike_H655Y,Spike_S371L,Spike_G142D,Spike_A27S,Spike_Q954H,Spike_G339D,NS3_D155Y,NSP3_P1228L,NS3_S92L,Spike_P681H,NSP3_A488S,Spike_N440K,NSP4_T492I,Spike_S375F,NSP14_A394V,Spike_F565L,Spike_T19R,N_D377Y,NSP12_P323F,Spike_G446S,M_I82T,Spike_N679K,Spike_N764K,Spike_S477N,NS7b_T40I,NSP13_P77L,Spike_Y505H,Spike_T547K,Spike_E484A,Spike_D796Y,Spike_T478K,NSP6_T77A,Spike_L981F,Spike_D614G,NSP4_V167L)
hCoV-19/France/HDF-IPP08027i/2022	EPI_ISL_10819657	2022-01-31	Europe / France / Hauts-de-France / Soissons	Human			Male	62	Released		VeroE6 2 passages	Nasopharyngeal swab		XD	GKA	(NSP2_E172D,N_G215C,NSP3_A1711V,Spike_T95I,N_R203M,NSP12_G671S,Spike_S373P,Spike_Q493R,Spike_N969K,Spike_H655Y,Spike_N856K,Spike_G142D,Spike_A27S,Spike_Q954H,NS3_D155Y,Spike_N501Y,NSP3_P1228L,NS3_S92L,NS7a_V82A,Spike_N440K,NSP4_T492I,Spike_T19R,NS7a_T120I,M_I82T,Spike_N679K,Spike_N764K,NS7b_T40I,Spike_L212I,Spike_Y505H,NSP3_P1469S,Spike_T547K,Spike_D796Y,Spike_T478K,NSP6_T77A,Spike_G496S,N_D63G,NSP4_I57V,Spike_K417N,Spike_S371L,Spike_G339D,Spike_R158del,Spike_P681H,Spike_ins214EPE,NSP3_A488S,Spike_F157del,Spike_S375F,NSP14_A394V,Spike_Q498R,N_D377Y,NSP12_P323F,Spike_G446S,Spike_S477N,NSP13_P77L,Spike_E156G,Spike_N211del,Spike_E484A,Spike_L981F,Spike_D614G,NSP4_V167L)
hCoV-19/France/HDF-biopath-7744878120/2022	EPI_ISL_12154256	2022-04-02	Europe / France / Hauts-de-France / Pas-de-Calais	Human			unknown	63	unknown		Original			XD	GKA	(NSP2_E172D,N_G215C,NSP3_A1711V,Spike_T95I,NS7a_F54L,N_R203M,NS7a_Q76del,NSP12_G671S,NS7a_L56del,Spike_S373P,Spike_Q493R,Spike_N969K,Spike_H655Y,Spike_N856K,Spike_G142D,Spike_A27S,Spike_Q954H,NS3_D155Y,Spike_N501Y,NSP3_P1228L,NS7a_T61del,NS7a_Y75del,NS3_S92L,NS7a_A55del,NS7a_C58del,NS7a_V82A,NS7a_K72del,Spike_N440K,NSP4_T492I,Spike_T19R,NS7a_T120I,NS7a_F63del,M_I82T,Spike_N679K,Spike_N764K,NS7b_T40I,Spike_L212I,NS7a_A66del,Spike_Y505H,NS7a_C67del,NSP3_P1469S,Spike_T547K,Spike_D796Y,Spike_T478K,NSP6_T77A,Spike_G496S,N_D63G,NS7a_D69del,NSP4_I57V,Spike_K417N,Spike_S371L,Spike_G339D,Spike_R158del,NS7a_T57del,NS7a_V71del,Spike_P681H,Spike_ins214EPE,NSP3_A488S,Spike_F157del,Spike_S375F,NSP14_A394V,NSP3_G171D,Spike_Q498R,NS7a_G70del,N_D377Y,NSP12_P323F,Spike_G446S,NS7a_P68del,Spike_S477N,NS7a_H73del,NSP13_P77L,NS7a_S60del,Spike_E156G,Spike_N211del,NSP16_R216C,NS7a_A64del,NS7a_F65del,Spike_E484A,NS7a_Q62del,Spike_L981F,Spike_D614G,NSP4_V167L,NS7a_F59del,NS7a_V74del)
hCoV-19/France/ARA-GENBIO-14290341624/2022	EPI_ISL_12196988	2022-02-03	Europe / France / Auvergne-Rhone-Alpes / Puy-de-Dome	Human		random	Male	18	unknown		Original			XD	GKA	(NSP2_E172D,N_G215C,NSP3_A1711V,Spike_T95I,N_R203M,NSP12_G671S,Spike_S373P,Spike_Q493R,Spike_N969K,Spike_H655Y,Spike_N856K,Spike_G142D,Spike_A27S,Spike_Q954H,NS3_D155Y,Spike_N501Y,NSP3_P1228L,NS3_S92L,NS7a_V82A,Spike_N440K,NSP4_T492I,Spike_T19R,NS7a_T120I,M_I82T,Spike_N679K,Spike_N764K,NS7b_T40I,Spike_L212I,Spike_Y505H,NSP3_P1469S,Spike_T547K,Spike_D796Y,Spike_T478K,NSP6_T77A,Spike_G496S,N_D63G,NSP4_I57V,Spike_K417N,Spike_S371L,Spike_G339D,Spike_R158del,Spike_P681H,Spike_ins214EPE,NSP3_A488S,Spike_F157del,Spike_S375F,NSP14_A394V,Spike_Q498R,N_D377Y,NSP12_P323F,Spike_G446S,Spike_S477N,NSP13_P77L,Spike_E156G,Spike_N211del,Spike_E484A,Spike_L981F,Spike_D614G,NSP4_V167L)
hCoV-19/France/OCC-GENBIO-L27GN0310195/2022	EPI_ISL_12208370	2022-01-31	Europe / France / Occitanie / Herault	Human		random	Male	17	unknown		Original			XD	GKA	(NSP2_E172D,N_G215C,NSP3_A1711V,Spike_T95I,N_R203M,NSP12_G671S,Spike_S373P,Spike_Q493R,Spike_N969K,Spike_H655Y,Spike_N856K,Spike_G142D,Spike_A27S,Spike_Q954H,NS3_D155Y,Spike_N501Y,NSP3_P1228L,NS3_S92L,NS7a_V82A,Spike_N440K,NSP4_T492I,Spike_T19R,NS7a_T120I,M_I82T,Spike_N679K,Spike_N764K,NS7b_T40I,Spike_L212I,Spike_Y505H,NSP4_S410I,NSP3_P1469S,Spike_T547K,Spike_D796Y,Spike_T478K,NSP6_T77A,Spike_G496S,N_D63G,NSP4_I57V,Spike_K417N,Spike_S371L,Spike_G339D,Spike_R158del,Spike_P681H,Spike_ins214EPE,NSP3_A488S,Spike_F157del,Spike_S375F,NSP14_A394V,Spike_Q498R,N_D377Y,NSP12_P323F,Spike_G446S,Spike_S477N,NSP13_P77L,Spike_E156G,Spike_N211del,Spike_E484A,Spike_L981F,Spike_T961M,Spike_D614G,NSP4_V167L)
hCoV-19/France/NAQ-GENBIO-Y01GN1100364/2022	EPI_ISL_12454959	2022-04-19	Europe / France / Nouvelle-Aquitaine / Pyrenees-Atlantiques	Human		random	Male	69	unknown		Original			XD	GKA	(NSP2_E172D,N_G215C,NSP3_A1711V,Spike_T95I,N_R203M,NSP12_G671S,Spike_S373P,Spike_Q493R,Spike_N969K,Spike_H655Y,Spike_N856K,Spike_G142D,Spike_A27S,Spike_Q954H,NS3_D155Y,Spike_N501Y,NSP3_P1228L,NS7a_V82A,Spike_N440K,NSP4_T492I,Spike_T19R,NS7a_T120I,NS7a_Q62stop,M_I82T,Spike_N679K,Spike_N764K,NS7b_T40I,Spike_L212I,Spike_Y505H,NSP3_P1469S,Spike_T547K,Spike_D796Y,Spike_T478K,NSP6_T77A,Spike_G496S,N_D63G,NSP4_I57V,Spike_K417N,Spike_S371L,Spike_G339D,Spike_R158del,Spike_P681H,Spike_ins214EPE,NSP3_A488S,Spike_F157del,Spike_S375F,NSP14_A394V,NSP3_G171D,Spike_Q498R,N_D377Y,NSP12_P323F,Spike_G446S,Spike_S477N,NSP13_P77L,Spike_E156G,Spike_N211del,NSP16_R216C,Spike_E484A,Spike_L981F,Spike_D614G,NSP4_V167L)
hCoV-19/France/ARA-HMN-22032230199/2022	EPI_ISL_12495234	2022-03-14	Europe / France / Auvergne-Rhone-Alpes	Human			Female	69	unknown		Original	Nasopharyngeal swab		XD	GKA	(NSP2_E172D,N_G215C,NSP3_A1711V,N_R203M,NSP12_G671S,Spike_N969K,Spike_H655Y,Spike_N856K,NSP13_L581F,Spike_A27S,Spike_Q954H,NS3_D155Y,NSP3_P1228L,NS3_S92L,NS7a_V82A,NSP4_T492I,Spike_T19R,NS7a_T120I,M_I82T,Spike_N679K,Spike_N764K,NS7b_T40I,Spike_L212I,NSP3_P1469S,Spike_T547K,Spike_D796Y,NSP6_T77A,N_D63G,NSP4_I57V,Spike_G339D,Spike_R158del,Spike_P681H,Spike_ins214EPE,NSP3_A488S,Spike_F157del,Spike_S375F,NSP14_A394V,N_D377Y,NSP12_P323F,N_T362I,NSP13_P77L,Spike_E156G,Spike_N211del,NSP7_V66I,Spike_L981F,Spike_D614G,NSP4_V167L)
hCoV-19/France/PDL-HMN-22042150253/2022	EPI_ISL_12495464	2022-04-11	Europe / France / Pays de la Loire	Human			Male	29	unknown		Original	Nasopharyngeal swab		XD	GKA	(NSP2_E172D,N_G215C,NSP3_A1711V,Spike_T95I,N_R203M,NSP12_G671S,Spike_S373P,Spike_N969K,Spike_H655Y,Spike_N856K,Spike_G142D,Spike_A27S,Spike_Q954H,NS3_D155Y,NSP3_P1228L,NS3_S92L,NS7a_V82A,NSP4_T492I,Spike_T19R,NS7a_T120I,M_I82T,Spike_N679K,Spike_N764K,NS7b_T40I,Spike_L212I,NSP3_P1469S,Spike_T547K,Spike_D796Y,NSP6_T77A,NSP3_K902N,N_D63G,NSP4_I57V,Spike_K417N,Spike_S371L,Spike_G339D,Spike_R158del,Spike_P681H,Spike_ins214EPE,NSP3_A488S,Spike_F157del,Spike_S375F,NSP14_A394V,N_D377Y,NSP12_P323F,NSP13_P77L,Spike_E156G,Spike_N211del,NSP7_V66I,Spike_L981F,Spike_D614G,NSP4_V167L)
hCoV-19/France/ARA-HCL722002362901/2022	EPI_ISL_12495909	2022-04-19	Europe / France / Auvergne-Rhone-Alpes	Human			Male	61	unknown		Original			XD	GKA	(NSP2_E172D,N_G215C,NSP3_A1711V,Spike_T95I,N_R203M,NSP12_G671S,Spike_S373P,Spike_Q493R,Spike_N969K,Spike_H655Y,Spike_N856K,Spike_G142D,Spike_A27S,Spike_Q954H,NS3_D155Y,Spike_N501Y,NSP3_P1228L,NS3_S92L,NS7a_V82A,Spike_N440K,NSP4_T492I,Spike_T19R,NS7a_T120I,M_I82T,Spike_N679K,Spike_N764K,NS7b_T40I,Spike_L212I,Spike_Y505H,NSP3_P1469S,Spike_T547K,Spike_D796Y,Spike_T478K,NSP6_T77A,Spike_G496S,N_D63G,NSP4_I57V,Spike_K417N,Spike_S371L,Spike_G339D,Spike_R158del,Spike_P681H,Spike_ins214EPE,NSP3_A488S,Spike_F157del,Spike_S375F,NSP14_A394V,N_P168S,NSP3_G171D,Spike_Q498R,N_D377Y,NSP12_P323F,Spike_G446S,Spike_S477N,NSP13_P77L,Spike_E156G,Spike_N211del,NSP16_R216C,Spike_E484A,Spike_L981F,Spike_D614G,NSP12_F694Y,NSP4_V167L)
hCoV-19/France/HDF-IPP32143/2022	EPI_ISL_12714552	2022-04-25	Europe / France / Hauts-de-France / Denain	Human			Male	65	Outpatient		Original	Nasopharyngeal swab		XD	GKA	(NSP2_E172D,N_G215C,NSP3_A1711V,Spike_T95I,N_R203M,NSP12_G671S,Spike_S373P,Spike_Q493R,Spike_N969K,Spike_H655Y,Spike_N856K,Spike_G142D,Spike_A27S,Spike_Q954H,Spike_N501Y,NS3_S92L,NS7a_V82A,Spike_N440K,NSP4_T492I,Spike_T19R,NS7a_T120I,M_I82T,Spike_N679K,Spike_N764K,NS7b_T40I,Spike_L212I,Spike_Y505H,NSP3_P1469S,Spike_T547K,Spike_D796Y,Spike_T478K,NSP6_T77A,Spike_G496S,N_D63G,NSP4_I57V,Spike_K417N,Spike_S371L,Spike_G339D,Spike_R158del,NSP7_L71F,Spike_P681H,Spike_ins214EPE,NSP3_A488S,Spike_F157del,Spike_S375F,NSP14_A394V,NSP3_G171D,Spike_Q498R,N_D377Y,NSP12_P323F,Spike_G446S,Spike_S477N,NSP13_P77L,Spike_E156G,Spike_N211del,NSP3_P1261L,NSP16_R216C,Spike_E484A,Spike_L981F,Spike_D614G,NSP4_V167L)
hCoV-19/France/HDF-IPP34571/2022	EPI_ISL_13010949	2022-05-09	Europe / France / Hauts-de-France / Bethune	Human			Female	67	Outpatient		Original	Nasopharyngeal swab		XD	GKA	(NSP2_E172D,N_G215C,NSP3_A1711V,Spike_T95I,N_R203M,NSP12_G671S,Spike_S373P,Spike_Q493R,Spike_N969K,Spike_H655Y,Spike_N856K,Spike_G142D,Spike_A27S,Spike_Q954H,NS3_D155Y,Spike_N501Y,NSP3_P1228L,NS3_S92L,NS7a_V82A,Spike_N440K,NSP4_T492I,Spike_T19R,NS7a_T120I,M_I82T,Spike_N679K,Spike_N764K,NS7b_T40I,Spike_L212I,Spike_Y505H,NSP3_P1469S,Spike_T547K,Spike_D796Y,Spike_T478K,NSP6_T77A,Spike_G496S,N_D63G,NSP4_I57V,Spike_K417N,Spike_S371L,Spike_G339D,Spike_R158del,Spike_P681H,Spike_ins214EPE,NSP3_A488S,Spike_F157del,Spike_S375F,NSP14_A394V,NSP3_G171D,Spike_Q498R,N_D377Y,NSP12_P323F,Spike_G446S,Spike_S477N,NSP13_P77L,Spike_E156G,Spike_N211del,NSP16_R216C,Spike_E484A,Spike_L981F,Spike_D614G,NSP4_V167L)
hCoV-19/France/PAC-IHU-081269_Nova1/2022	EPI_ISL_13086228	2022-04-25	Europe / France / Provence-Alpes-Cote d’Azur / Marseille	Human			unknown	unknown	unknown		Original	Oropharyngeal swab		XD	GRA	(NSP2_E172D,Spike_S371F,N_R203M,Spike_K417N,Spike_S373P,Spike_T376A,Spike_N969K,Spike_H655Y,Spike_G142D,Spike_A27S,Spike_Q954H,Spike_G339D,NS3_D155Y,Spike_R408S,Spike_R158del,Spike_P681H,NS7a_V82A,Spike_F157del,NSP4_T492I,Spike_S375F,NSP14_A394V,Spike_T19R,NS7a_T120I,Spike_D405N,Spike_N679K,Spike_N764K,NS7b_T40I,Spike_Q23P,Spike_E156G,Spike_T547K,Spike_D796Y,NSP3_Y1055H,Spike_D614G)
hCoV-19/France/HDF-HMN-22052230219/2022	EPI_ISL_13371056	2022-03-07	Europe / France / Hauts-de-France	Human			Male	52	unknown		Original	Nasopharyngeal swab		XD	GKA	(NSP2_E172D,N_G215C,NSP3_A1711V,Spike_T95I,N_R203M,NSP12_G671S,Spike_S373P,Spike_Q493R,Spike_N969K,Spike_H655Y,Spike_N856K,Spike_G142D,Spike_A27S,Spike_Q954H,NS3_D155Y,Spike_N501Y,NSP3_P1228L,NS3_S92L,NS7a_V82A,Spike_N440K,NSP4_T492I,Spike_T19R,NS7a_T120I,M_I82T,Spike_N679K,Spike_N764K,NS7b_T40I,Spike_L212I,Spike_Y505H,NSP3_P1469S,Spike_T547K,Spike_D796Y,Spike_T478K,NSP6_T77A,Spike_G496S,NS3_I37T,N_D63G,NSP4_I57V,Spike_K417N,Spike_S371L,Spike_G339D,Spike_R158del,Spike_P681H,Spike_ins214EPE,NSP3_A488S,Spike_F157del,Spike_S375F,NSP14_A394V,Spike_Q498R,N_D377Y,NSP12_P323F,Spike_G446S,Spike_S477N,NSP13_P77L,Spike_E156G,Spike_N211del,Spike_E484A,Spike_L981F,Spike_D614G,NSP4_V167L)
hCoV-19/France/BFC-LBZCentre-JA2204040093/2022	EPI_ISL_13524814	2022-04-04	Europe / France / Bourgogne-Franche-Comte / Cote-d’Or	Human		random	Male	39	unknown		Original			XD	GKA	(NSP2_E172D,N_G215C,NSP3_A1711V,Spike_T95I,N_R203M,NSP5_P108S,Spike_S373P,Spike_Q493R,Spike_N969K,Spike_H655Y,Spike_N856K,Spike_G142D,Spike_A27S,Spike_Q954H,NS3_D155Y,Spike_N501Y,NSP3_P1228L,NS3_S92L,NS7a_V82A,Spike_N440K,NSP4_T492I,Spike_T19R,Spike_F565L,NS7a_T120I,M_I82T,Spike_N679K,Spike_N764K,NS7b_T40I,Spike_L212I,Spike_Y505H,NSP3_P1469S,Spike_T547K,Spike_D796Y,Spike_T478K,NSP6_T77A,Spike_G496S,N_D63G,NSP4_I57V,Spike_K417N,Spike_S371L,Spike_G339D,Spike_R158del,Spike_P681H,Spike_ins214EPE,NSP3_A488S,Spike_F157del,Spike_S375F,NSP14_A394V,Spike_Q498R,N_D377Y,NSP12_P323F,Spike_G446S,Spike_S477N,NSP13_P77L,Spike_E156G,Spike_N211del,Spike_E484A,Spike_L981F,Spike_D614G,NSP4_V167L)
hCoV-19/France/HDF-IPP04947/2022	EPI_ISL_9879436	2022-01-17	Europe / France / Hauts-de-France / Calais	Human			Female	48	Inpatient		Original			XD	GKA	(NSP2_E172D,N_G215C,NSP3_A1711V,Spike_T95I,N_R203M,NSP12_G671S,Spike_S373P,Spike_Q493R,Spike_N969K,Spike_H655Y,Spike_N856K,Spike_G142D,Spike_A27S,Spike_Q954H,Spike_N501Y,NSP3_P1228L,NS3_S92L,NS7a_V82A,Spike_N440K,NSP4_T492I,Spike_T19R,NS7a_T120I,M_I82T,Spike_N679K,Spike_N764K,NS7b_T40I,Spike_L212I,Spike_Y505H,NSP3_P1469S,Spike_T547K,Spike_D796Y,Spike_T478K,NSP6_T77A,Spike_G496S,N_D63G,NSP4_I57V,Spike_K417N,Spike_S371L,Spike_G339D,Spike_R158del,Spike_P681H,Spike_ins214EPE,NSP3_A488S,Spike_F157del,Spike_S375F,NSP14_A394V,NSP3_G171D,Spike_Q498R,N_D377Y,NSP12_P323F,Spike_G446S,Spike_S477N,NSP13_P77L,Spike_E156G,Spike_N211del,NSP16_R216C,Spike_E484A,Spike_L981F,Spike_D614G,NSP4_V167L)
hCoV-19/France/HDF-IPP08027/2022	EPI_ISL_9879437	2022-01-31	Europe / France / Hauts-de-France / Soissons	Human			Male	62	Outpatient		Original	Nasopharyngeal swab		XD	GKA	(NSP2_E172D,N_G215C,NSP3_A1711V,Spike_T95I,N_R203M,NSP12_G671S,Spike_S373P,Spike_Q493R,Spike_N969K,Spike_H655Y,Spike_N856K,Spike_G142D,Spike_A27S,Spike_Q954H,NS3_D155Y,Spike_N501Y,NSP3_P1228L,NS3_S92L,NS7a_V82A,Spike_N440K,NSP4_T492I,Spike_T19R,NS7a_T120I,M_I82T,Spike_N679K,Spike_N764K,NS7b_T40I,Spike_L212I,Spike_Y505H,NSP3_P1469S,Spike_T547K,Spike_D796Y,Spike_T478K,NSP6_T77A,Spike_G496S,N_D63G,NSP4_I57V,Spike_K417N,Spike_S371L,Spike_G339D,Spike_R158del,Spike_P681H,Spike_ins214EPE,NSP3_A488S,Spike_F157del,Spike_S375F,NSP14_A394V,Spike_Q498R,N_D377Y,NSP12_P323F,Spike_G446S,Spike_S477N,NSP13_P77L,Spike_E156G,Spike_N211del,Spike_E484A,Spike_L981F,Spike_D614G,NSP4_V167L)
