Accession ID	Collection date	Submission date	Location
EPI_ISL_10034429	2021-12-27	2022-02-17	Europe / France / Grand Est
EPI_ISL_10071273	2022-01-03	2022-02-18	Europe / France / Auvergne-Rhone-Alpes / Lyon
EPI_ISL_10071279	2022-01-03	2022-02-18	Europe / France / Hauts-de-France / Henin Beaumont
EPI_ISL_10098716	2022-01-12	2022-02-19	Europe / France / Auvergne-Rhone-Alpes
EPI_ISL_10099778	2022-01-13	2022-02-19	Europe / France / Auvergne-Rhone-Alpes / Ain
EPI_ISL_10100103	2022-01-07	2022-02-19	Europe / France / Auvergne-Rhone-Alpes / Ain
EPI_ISL_10124671	2022-01-04	2022-02-21	Europe / France / Bretagne / Rennes
EPI_ISL_10133378	2022-01-10	2022-02-21	Europe / France / Centre-Val de Loire
EPI_ISL_10186792	2022-01-03	2022-02-22	Europe / France / Grand Est / Pannes
EPI_ISL_10187224	2021-12-27	2022-02-22	Europe / France / Auvergne-Rhone-Alpes / Lyon
EPI_ISL_10187257	2021-12-27	2022-02-22	Europe / France / Auvergne-Rhone-Alpes / Lyon
EPI_ISL_10187274	2021-12-27	2022-02-22	Europe / France / Auvergne-Rhone-Alpes / Lyon
EPI_ISL_10187324	2021-12-27	2022-02-22	Europe / France / Auvergne-Rhone-Alpes / Lyon
EPI_ISL_10187327	2021-12-27	2022-02-22	Europe / France / Auvergne-Rhone-Alpes / Lyon
EPI_ISL_10202016	2022-01-05	2022-02-22	Europe / France / Ile-de-France
EPI_ISL_10219467	2021-12-27	2022-02-22	Europe / France / Grand Est
EPI_ISL_10219858	2021-12-27	2022-02-22	Europe / France / Grand Est
EPI_ISL_10266154	2021-12-27	2022-02-23	Europe / France / Ile-de-France
EPI_ISL_10266923	2021-12-27	2022-02-23	Europe / France / Ile-de-France
EPI_ISL_10312938	2022-01-04	2022-02-24	Europe / France / Nouvelle-Aquitaine / Lot-et-Garonne
EPI_ISL_10314387	2022-01-27	2022-02-24	Europe / France / Nouvelle-Aquitaine
EPI_ISL_10345443	2021-12-27	2022-02-25	Europe / France / Ile-de-France
EPI_ISL_10352330	2021-12-20	2022-02-25	Europe / France / Grand Est / Pannes
EPI_ISL_10352345	2021-12-20	2022-02-25	Europe / France / Pays de la Loire / Nantes
EPI_ISL_10352352	2022-01-07	2022-02-25	Europe / France / Hauts-de-France / Lille
EPI_ISL_10352364	2021-12-27	2022-02-25	Europe / France / Hauts-de-France / Douai
EPI_ISL_10366101	2022-01-04	2022-02-25	Europe / France / Auvergne-Rhone-Alpes / Ain
EPI_ISL_10439365	2021-12-27	2022-02-28	Europe / France / Hauts-de-France
EPI_ISL_10439389	2021-12-20	2022-02-28	Europe / France / Ile-de-France
EPI_ISL_10439407	2021-12-20	2022-02-28	Europe / France / Ile-de-France
EPI_ISL_10439419	2021-12-22	2022-02-28	Europe / France / Ile-de-France
EPI_ISL_10504545	2021-12-27	2022-03-01	Europe / France / Occitanie
EPI_ISL_10504553	2021-12-27	2022-03-01	Europe / France / Bourgogne-Franche-Comte
EPI_ISL_10590309	2021-12-17	2022-03-02	Europe / France / Ile-de-France
EPI_ISL_10590319	2021-12-20	2022-03-02	Europe / France / Ile-de-France
EPI_ISL_10594129	2021-12-20	2022-03-02	Europe / France / Bourgogne-Franche-Comte
EPI_ISL_10594302	2021-12-20	2022-03-02	Europe / France / Bourgogne-Franche-Comte
EPI_ISL_10594313	2021-12-20	2022-03-02	Europe / France / Bourgogne-Franche-Comte
EPI_ISL_10640046	2021-12-17	2022-03-03	Europe / France / Auvergne-Rhone-Alpes
EPI_ISL_10646813	2021-12-27	2022-03-03	Europe / France / Pays de la Loire / Trelaze
EPI_ISL_10647049	2021-12-20	2022-03-03	Europe / France / Hauts-de-France / Lille
EPI_ISL_10647072	2021-12-20	2022-03-03	Europe / France / Hauts-de-France / Tourcoing
EPI_ISL_10647105	2021-12-20	2022-03-03	Europe / France / Grand Est / Charleville-Mezieres
EPI_ISL_10647106	2021-12-20	2022-03-03	Europe / France / Grand Est / Charleville-Mezieres
EPI_ISL_10647107	2021-12-20	2022-03-03	Europe / France / Grand Est / Charleville-Mezieres
EPI_ISL_10647119	2021-12-20	2022-03-03	Europe / France / Grand Est / Charleville-Mezieres
EPI_ISL_10647120	2021-12-20	2022-03-03	Europe / France / Grand Est / Charleville-Mezieres
EPI_ISL_10647124	2021-12-20	2022-03-03	Europe / France / Grand Est / Charleville-Mezieres
EPI_ISL_10647133	2021-12-20	2022-03-03	Europe / France / Grand Est / Charleville-Mezieres
EPI_ISL_10680901	2021-12-15	2022-03-04	Europe / France / Bretagne
EPI_ISL_10719053	2021-12-27	2022-03-05	Europe / France / Auvergne-Rhone-Alpes / Loire
EPI_ISL_10719057	2021-12-27	2022-03-05	Europe / France / Auvergne-Rhone-Alpes / Loire
EPI_ISL_10719310	2022-01-03	2022-03-05	Europe / France / Auvergne-Rhone-Alpes
EPI_ISL_10757420	2021-12-20	2022-03-07	Europe / France / Bretagne / Vannes
EPI_ISL_10757430	2021-12-20	2022-03-07	Europe / France / Hauts-de-France / Valenciennes
EPI_ISL_10757432	2021-12-20	2022-03-07	Europe / France / Bretagne / Vannes
EPI_ISL_10757446	2021-12-20	2022-03-07	Europe / France / Pays de la Loire / Nantes
EPI_ISL_10757447	2021-12-20	2022-03-07	Europe / France / Pays de la Loire / Nantes
EPI_ISL_10757938	2021-12-22	2022-03-07	Europe / France / Auvergne-Rhone-Alpes
EPI_ISL_10758155	2021-12-22	2022-03-07	Europe / France / Auvergne-Rhone-Alpes
EPI_ISL_10776778	2022-01-07	2022-03-07	Europe / France / Normandie
EPI_ISL_10776833	2022-01-17	2022-03-07	Europe / France / Normandie
EPI_ISL_10776946	2022-01-04	2022-03-07	Europe / France / Normandie
EPI_ISL_10830428	2021-12-22	2022-03-08	Europe / France / Auvergne-Rhone-Alpes
EPI_ISL_10855317	2021-12-21	2022-03-09	Europe / France / Ile-de-France
EPI_ISL_10946116	2021-12-27	2022-03-11	Europe / France / Provence-Alpes-Cote d’Azur / Var
EPI_ISL_10967852	2021-12-20	2022-03-12	Europe / France / Ile-de-France / Lisses
EPI_ISL_10967857	2021-12-20	2022-03-12	Europe / France / Ile-de-France / Lisses
EPI_ISL_10967861	2021-12-20	2022-03-12	Europe / France / Ile-de-France / Lisses
EPI_ISL_10967882	2021-12-20	2022-03-12	Europe / France / Ile-de-France / Lisses
EPI_ISL_10967888	2021-12-20	2022-03-12	Europe / France / Ile-de-France / Lisses
EPI_ISL_10967896	2021-12-20	2022-03-12	Europe / France / Ile-de-France / Neuilly-Sur-Seine
EPI_ISL_10967898	2021-12-20	2022-03-12	Europe / France / Ile-de-France / Neuilly-Sur-Seine
EPI_ISL_10967905	2021-12-20	2022-03-12	Europe / France / Ile-de-France / Neuilly-Sur-Seine
EPI_ISL_10967910	2021-12-20	2022-03-12	Europe / France / Ile-de-France / Neuilly-Sur-Seine
EPI_ISL_11020529	2021-12-20	2022-03-15	Europe / France / Hauts-de-France / Henin Beaumont
EPI_ISL_11020540	2021-12-20	2022-03-15	Europe / France / Hauts-de-France / Henin Beaumont
EPI_ISL_11020587	2021-12-27	2022-03-15	Europe / France / Ile-de-France / Colombes
EPI_ISL_11020589	2021-12-27	2022-03-15	Europe / France / Ile-de-France / Colombes
EPI_ISL_11020687	2021-12-27	2022-03-15	Europe / France / Occitanie / Toulouse
EPI_ISL_11079839	2022-01-05	2022-03-16	Europe / France / Auvergne-Rhone-Alpes / Ain
EPI_ISL_11080394	2022-01-07	2022-03-16	Europe / France / Auvergne-Rhone-Alpes / Rhone
EPI_ISL_11080528	2022-01-06	2022-03-16	Europe / France / Auvergne-Rhone-Alpes / Rhone
EPI_ISL_11124090	2021-12-17	2022-03-17	Europe / France / Centre-Val de Loire / Loiret
EPI_ISL_11124107	2021-12-20	2022-03-17	Europe / France / Centre-Val de Loire / Indre-et-Loire
EPI_ISL_11124128	2021-12-20	2022-03-17	Europe / France / Centre-Val de Loire / Indre-et-Loire
EPI_ISL_11124133	2021-12-20	2022-03-17	Europe / France / Centre-Val de Loire / Indre-et-Loire
EPI_ISL_11124145	2021-12-20	2022-03-17	Europe / France / Centre-Val de Loire / Indre-et-Loire
EPI_ISL_11160359	2021-12-17	2022-03-18	Europe / France / Ile-de-France / Val-d’Oise
EPI_ISL_11222908	2021-12-18	2022-03-21	Europe / France / Ile-de-France / Paris
EPI_ISL_11225788	2021-12-25	2022-03-21	Europe / France / Ile-de-France / Paris
EPI_ISL_11225796	2021-12-28	2022-03-21	Europe / France / Ile-de-France / Paris
EPI_ISL_11225807	2021-12-28	2022-03-21	Europe / France / Ile-de-France / Paris
EPI_ISL_11225830	2021-12-31	2022-03-21	Europe / France / Ile-de-France / Paris
EPI_ISL_11225860	2021-12-27	2022-03-21	Europe / France / Ile-de-France / Paris
EPI_ISL_11303003	2021-12-27	2022-03-23	Europe / France / Ile-de-France / Paris
EPI_ISL_11303094	2021-12-20	2022-03-23	Europe / France / Ile-de-France / Paris
EPI_ISL_11303122	2021-12-16	2022-03-23	Europe / France / Ile-de-France / Paris
EPI_ISL_11303131	2021-12-15	2022-03-23	Europe / France / Ile-de-France / Paris
EPI_ISL_11371919	2022-01-10	2022-03-25	Europe / France / Nouvelle-Aquitaine / Gironde
EPI_ISL_11372137	2022-01-07	2022-03-25	Europe / France / Auvergne-Rhone-Alpes / Allier
EPI_ISL_11372340	2021-12-30	2022-03-25	Europe / France / Auvergne-Rhone-Alpes / Allier
EPI_ISL_11372371	2022-01-03	2022-03-25	Europe / France / Auvergne-Rhone-Alpes / Puy-de-Dome
EPI_ISL_11372396	2021-12-27	2022-03-25	Europe / France / Nouvelle-Aquitaine / Gironde
EPI_ISL_11372400	2021-12-27	2022-03-25	Europe / France / Auvergne-Rhone-Alpes / Cantal
EPI_ISL_11372421	2021-12-30	2022-03-25	Europe / France / Auvergne-Rhone-Alpes / Allier
EPI_ISL_11372441	2021-12-27	2022-03-25	Europe / France / Occitanie / Gers
EPI_ISL_11372721	2021-12-27	2022-03-25	Europe / France / Hauts-de-France / Nord
EPI_ISL_11372767	2021-12-27	2022-03-25	Europe / France / Hauts-de-France / Nord
EPI_ISL_11372784	2021-12-20	2022-03-25	Europe / France / Auvergne-Rhone-Alpes / Cantal
EPI_ISL_11372833	2021-12-27	2022-03-25	Europe / France / Hauts-de-France / Nord
EPI_ISL_11372839	2021-12-20	2022-03-25	Europe / France / Auvergne-Rhone-Alpes / Cantal
EPI_ISL_11372844	2021-12-20	2022-03-25	Europe / France / Auvergne-Rhone-Alpes / Cantal
EPI_ISL_11372848	2021-12-20	2022-03-25	Europe / France / Auvergne-Rhone-Alpes / Cantal
EPI_ISL_11372899	2021-12-27	2022-03-25	Europe / France / Hauts-de-France / Nord
EPI_ISL_11373018	2021-12-27	2022-03-25	Europe / France / Ile-de-France / Le Chesnay
EPI_ISL_11377257	2021-12-20	2022-03-25	Europe / France / Nouvelle-Aquitaine / Gironde
EPI_ISL_11377259	2021-12-20	2022-03-25	Europe / France / Nouvelle-Aquitaine / Gironde
EPI_ISL_11377282	2021-12-20	2022-03-25	Europe / France / Nouvelle-Aquitaine / Gironde
EPI_ISL_11377291	2021-12-20	2022-03-25	Europe / France / Nouvelle-Aquitaine / Gironde
EPI_ISL_11377348	2021-12-20	2022-03-25	Europe / France / Nouvelle-Aquitaine / Gironde
EPI_ISL_11377360	2021-12-20	2022-03-25	Europe / France / Nouvelle-Aquitaine / Gironde
EPI_ISL_11377374	2021-12-20	2022-03-25	Europe / France / Nouvelle-Aquitaine / Gironde
EPI_ISL_11378347	2021-12-17	2022-03-25	Europe / France / Hauts-de-France / Nord
EPI_ISL_11378355	2021-12-20	2022-03-25	Europe / France / Hauts-de-France / Nord
EPI_ISL_11378385	2021-12-20	2022-03-25	Europe / France / Hauts-de-France / Nord
EPI_ISL_11378412	2021-12-20	2022-03-25	Europe / France / Hauts-de-France / Nord
EPI_ISL_11378415	2021-12-20	2022-03-25	Europe / France / Hauts-de-France / Nord
EPI_ISL_11467593	2021-12-20	2022-03-28	Europe / France / Ile-de-France / Val-de-Marne
EPI_ISL_11488323	2022-01-03	2022-03-28	Europe / France / Auvergne-Rhone-Alpes / Isere
EPI_ISL_11490614	2021-12-23	2022-03-28	Europe / France / Centre-Val de Loire / Indre-et-Loire
EPI_ISL_11503769	2021-12-27	2022-03-29	Europe / France / Auvergne-Rhone-Alpes / Ain
EPI_ISL_11506827	2022-01-03	2022-03-29	Europe / France / Auvergne-Rhone-Alpes / Rhone
EPI_ISL_11580069	2022-01-13	2022-03-31	Europe / France / Provence-Alpes-Cote d’Azur / Alpes-Maritimes
EPI_ISL_11580259	2022-01-10	2022-03-31	Europe / France / Nouvelle-Aquitaine / Charente
EPI_ISL_11580357	2021-12-31	2022-03-31	Europe / France / Nouvelle-Aquitaine / Charente
EPI_ISL_11580458	2021-12-29	2022-03-31	Europe / France / Provence-Alpes-Cote d’Azur / Alpes-Maritimes
EPI_ISL_11580490	2021-12-27	2022-03-31	Europe / France / Nouvelle-Aquitaine / Vienne
EPI_ISL_11580607	2021-12-27	2022-03-31	Europe / France / Provence-Alpes-Cote d’Azur / Alpes-Maritimes
EPI_ISL_11580608	2021-12-27	2022-03-31	Europe / France / Provence-Alpes-Cote d’Azur / Alpes-Maritimes
EPI_ISL_11580759	2021-12-19	2022-03-31	Europe / France / Provence-Alpes-Cote d’Azur / Alpes-Maritimes
EPI_ISL_11580765	2021-12-19	2022-03-31	Europe / France / Provence-Alpes-Cote d’Azur / Alpes-Maritimes
EPI_ISL_11592947	2021-12-27	2022-03-31	Europe / France / Grand Est / Haut-Rhin
EPI_ISL_11602345	2021-12-20	2022-03-31	Europe / France / Provence-Alpes-Cote d’Azur / Alpes-Maritimes
EPI_ISL_11602494	2021-12-20	2022-03-31	Europe / France / Provence-Alpes-Cote d’Azur / Alpes-Maritimes
EPI_ISL_11602624	2021-12-20	2022-03-31	Europe / France / Provence-Alpes-Cote d’Azur / Alpes-Maritimes
EPI_ISL_11602930	2021-12-20	2022-03-31	Europe / France / Provence-Alpes-Cote d’Azur / Alpes-Maritimes
EPI_ISL_11804153	2021-12-27	2022-04-06	Europe / France / Provence-Alpes-Cote d’Azur / Var
EPI_ISL_11804213	2021-12-27	2022-04-06	Europe / France / Auvergne-Rhone-Alpes / Savoie
EPI_ISL_11804757	2021-12-27	2022-04-06	Europe / France / Ile-de-France / Paris
EPI_ISL_11805248	2021-12-27	2022-04-06	Europe / France / Ile-de-France / Hauts-de-Seine
EPI_ISL_11825775	2021-12-27	2022-04-07	Europe / France / Bourgogne-Franche-Comte / Haute-Saone
EPI_ISL_11825776	2021-12-27	2022-04-07	Europe / France / Bourgogne-Franche-Comte / Haute-Saone
EPI_ISL_11825956	2021-12-23	2022-04-07	Europe / France / Bourgogne-Franche-Comte / Cote-d’Or
EPI_ISL_11825963	2021-12-23	2022-04-07	Europe / France / Bourgogne-Franche-Comte / Cote-d’Or
EPI_ISL_11825970	2021-12-25	2022-04-07	Europe / France / Bourgogne-Franche-Comte / Cote-d’Or
EPI_ISL_11826006	2021-12-15	2022-04-07	Europe / France / Bourgogne-Franche-Comte / Cote-d’Or
EPI_ISL_11868420	2022-01-04	2022-04-08	Europe / France / Provence-Alpes-Cote d’Azur / Bouches-du-Rhone
EPI_ISL_11869355	2021-12-31	2022-04-08	Europe / France / Bourgogne-Franche-Comte / Saone-et-Loire
EPI_ISL_11869373	2021-12-31	2022-04-08	Europe / France / Auvergne-Rhone-Alpes / Ain
EPI_ISL_11869481	2021-12-31	2022-04-08	Europe / France / Auvergne-Rhone-Alpes / Ain
EPI_ISL_11869567	2021-12-31	2022-04-08	Europe / France / Auvergne-Rhone-Alpes / Rhone
EPI_ISL_11870973	2022-01-03	2022-04-08	Europe / France / Nouvelle-Aquitaine / Vienne
EPI_ISL_11882219	2021-12-30	2022-04-08	Europe / France / Auvergne-Rhone-Alpes / Ain
EPI_ISL_11883262	2022-01-02	2022-04-08	Europe / France / Nouvelle-Aquitaine / Vienne
EPI_ISL_11883341	2022-01-03	2022-04-08	Europe / France / Nouvelle-Aquitaine / Vienne
EPI_ISL_11884721	2021-12-31	2022-04-08	Europe / France / Auvergne-Rhone-Alpes / Ain
EPI_ISL_11884796	2021-12-30	2022-04-08	Europe / France / Nouvelle-Aquitaine / Vienne
EPI_ISL_11884848	2021-12-30	2022-04-08	Europe / France / Bourgogne-Franche-Comte / Saone-et-Loire
EPI_ISL_11884902	2021-12-30	2022-04-08	Europe / France / Nouvelle-Aquitaine / Vienne
EPI_ISL_11885211	2021-12-30	2022-04-08	Europe / France / Auvergne-Rhone-Alpes / Rhone
EPI_ISL_11885401	2021-12-30	2022-04-08	Europe / France / Nouvelle-Aquitaine / Vienne
EPI_ISL_11886063	2021-12-28	2022-04-08	Europe / France / Auvergne-Rhone-Alpes / Rhone
EPI_ISL_11886097	2021-12-28	2022-04-08	Europe / France / Nouvelle-Aquitaine / Vienne
EPI_ISL_11886159	2021-12-29	2022-04-08	Europe / France / Auvergne-Rhone-Alpes / Ain
EPI_ISL_11886172	2021-12-29	2022-04-08	Europe / France / Auvergne-Rhone-Alpes / Ain
EPI_ISL_11886178	2021-12-29	2022-04-08	Europe / France / Nouvelle-Aquitaine / Vienne
EPI_ISL_11886185	2021-12-29	2022-04-08	Europe / France / Nouvelle-Aquitaine / Vienne
EPI_ISL_11886211	2021-12-29	2022-04-08	Europe / France / Auvergne-Rhone-Alpes / Ain
EPI_ISL_11886216	2021-12-29	2022-04-08	Europe / France / Auvergne-Rhone-Alpes / Ain
EPI_ISL_11886274	2021-12-29	2022-04-08	Europe / France / Auvergne-Rhone-Alpes / Rhone
EPI_ISL_11888092	2021-12-28	2022-04-08	Europe / France / Auvergne-Rhone-Alpes / Ain
EPI_ISL_11888112	2021-12-28	2022-04-08	Europe / France / Bourgogne-Franche-Comte / Saone-et-Loire
EPI_ISL_11888140	2021-12-28	2022-04-08	Europe / France / Auvergne-Rhone-Alpes / Ain
EPI_ISL_11888161	2021-12-28	2022-04-08	Europe / France / Nouvelle-Aquitaine / Vienne
EPI_ISL_11888208	2021-12-28	2022-04-08	Europe / France / Nouvelle-Aquitaine / Vienne
EPI_ISL_11888229	2021-12-28	2022-04-08	Europe / France / Auvergne-Rhone-Alpes / Ain
EPI_ISL_11888279	2021-12-28	2022-04-08	Europe / France / Nouvelle-Aquitaine / Vienne
EPI_ISL_11888332	2021-12-29	2022-04-08	Europe / France / Nouvelle-Aquitaine / Vienne
EPI_ISL_11888373	2021-12-29	2022-04-08	Europe / France / Nouvelle-Aquitaine / Vienne
EPI_ISL_11888597	2021-12-28	2022-04-08	Europe / France / Auvergne-Rhone-Alpes / Ain
EPI_ISL_11889092	2021-12-28	2022-04-08	Europe / France / Nouvelle-Aquitaine / Vienne
EPI_ISL_11889166	2021-12-29	2022-04-08	Europe / France / Nouvelle-Aquitaine / Vienne
EPI_ISL_11889187	2021-12-27	2022-04-08	Europe / France / Nouvelle-Aquitaine / Vienne
EPI_ISL_11889203	2021-12-28	2022-04-08	Europe / France / Nouvelle-Aquitaine / Vienne
EPI_ISL_11889289	2021-12-28	2022-04-08	Europe / France / Auvergne-Rhone-Alpes / Ain
EPI_ISL_11921642	2021-12-24	2022-04-11	Europe / France / Auvergne-Rhone-Alpes / Rhone
EPI_ISL_11921664	2021-12-24	2022-04-11	Europe / France / Auvergne-Rhone-Alpes / Ain
EPI_ISL_11921724	2021-12-27	2022-04-11	Europe / France / Nouvelle-Aquitaine / Vienne
EPI_ISL_11921733	2021-12-24	2022-04-11	Europe / France / Auvergne-Rhone-Alpes / Ain
EPI_ISL_11921819	2021-12-24	2022-04-11	Europe / France / Bourgogne-Franche-Comte / Saone-et-Loire
EPI_ISL_11921885	2021-12-24	2022-04-11	Europe / France / Auvergne-Rhone-Alpes / Ain
EPI_ISL_11921941	2021-12-23	2022-04-11	Europe / France / Nouvelle-Aquitaine / Vienne
EPI_ISL_11921967	2021-12-23	2022-04-11	Europe / France / Auvergne-Rhone-Alpes / Ain
EPI_ISL_11922005	2021-12-23	2022-04-11	Europe / France / Auvergne-Rhone-Alpes / Ain
EPI_ISL_11922021	2021-12-23	2022-04-11	Europe / France / Nouvelle-Aquitaine / Vienne
EPI_ISL_11922038	2021-12-23	2022-04-11	Europe / France / Auvergne-Rhone-Alpes / Ain
EPI_ISL_11922064	2021-12-23	2022-04-11	Europe / France / Nouvelle-Aquitaine / Vienne
EPI_ISL_11922121	2021-12-23	2022-04-11	Europe / France / Auvergne-Rhone-Alpes / Ain
EPI_ISL_11922166	2021-12-23	2022-04-11	Europe / France / Nouvelle-Aquitaine / Vienne
EPI_ISL_11922198	2021-12-23	2022-04-11	Europe / France / Auvergne-Rhone-Alpes / Ain
EPI_ISL_11922236	2021-12-23	2022-04-11	Europe / France / Nouvelle-Aquitaine / Vienne
EPI_ISL_11922837	2021-12-22	2022-04-11	Europe / France / Bourgogne-Franche-Comte / Saone-et-Loire
EPI_ISL_11922851	2021-12-21	2022-04-11	Europe / France / Auvergne-Rhone-Alpes / Rhone
EPI_ISL_11922893	2021-12-22	2022-04-11	Europe / France / Auvergne-Rhone-Alpes / Rhone
EPI_ISL_11922937	2021-12-22	2022-04-11	Europe / France / Bourgogne-Franche-Comte / Saone-et-Loire
EPI_ISL_11922962	2021-12-21	2022-04-11	Europe / France / Nouvelle-Aquitaine / Vienne
EPI_ISL_11922968	2021-12-17	2022-04-11	Europe / France / Auvergne-Rhone-Alpes / Rhone
EPI_ISL_11922983	2021-12-21	2022-04-11	Europe / France / Auvergne-Rhone-Alpes / Ain
EPI_ISL_11923000	2021-12-21	2022-04-11	Europe / France / Nouvelle-Aquitaine / Vienne
EPI_ISL_11923049	2021-12-21	2022-04-11	Europe / France / Auvergne-Rhone-Alpes / Ain
EPI_ISL_11923073	2021-12-21	2022-04-11	Europe / France / Nouvelle-Aquitaine / Vienne
EPI_ISL_11923091	2021-12-20	2022-04-11	Europe / France / Nouvelle-Aquitaine / Vienne
EPI_ISL_11923128	2021-12-22	2022-04-11	Europe / France / Auvergne-Rhone-Alpes / Ain
EPI_ISL_11923130	2021-12-21	2022-04-11	Europe / France / Auvergne-Rhone-Alpes / Rhone
EPI_ISL_11923708	2021-12-17	2022-04-11	Europe / France / Bourgogne-Franche-Comte / Saone-et-Loire
EPI_ISL_11923946	2021-12-18	2022-04-11	Europe / France / Auvergne-Rhone-Alpes / Ain
EPI_ISL_11923985	2021-12-18	2022-04-11	Europe / France / Nouvelle-Aquitaine / Vienne
EPI_ISL_11924137	2021-12-17	2022-04-11	Europe / France / Bourgogne-Franche-Comte / Saone-et-Loire
EPI_ISL_11924168	2021-12-18	2022-04-11	Europe / France / Auvergne-Rhone-Alpes / Ain
EPI_ISL_11924192	2021-12-21	2022-04-11	Europe / France / Auvergne-Rhone-Alpes / Ain
EPI_ISL_11924289	2021-12-17	2022-04-11	Europe / France / Bourgogne-Franche-Comte / Saone-et-Loire
EPI_ISL_11924329	2021-12-18	2022-04-11	Europe / France / Auvergne-Rhone-Alpes / Rhone
EPI_ISL_11924452	2021-12-18	2022-04-11	Europe / France / Provence-Alpes-Cote d’Azur / Alpes-Maritimes
EPI_ISL_11924488	2021-12-16	2022-04-11	Europe / France / Provence-Alpes-Cote d’Azur / Alpes-Maritimes
EPI_ISL_11924499	2021-12-21	2022-04-11	Europe / France / Auvergne-Rhone-Alpes / Ain
EPI_ISL_11924538	2021-12-18	2022-04-11	Europe / France / Auvergne-Rhone-Alpes / Ain
EPI_ISL_11924550	2021-12-18	2022-04-11	Europe / France / Auvergne-Rhone-Alpes / Ain
EPI_ISL_11924707	2021-12-18	2022-04-11	Europe / France / Auvergne-Rhone-Alpes / Ain
EPI_ISL_11925033	2021-12-21	2022-04-11	Europe / France / Auvergne-Rhone-Alpes / Ain
EPI_ISL_11925040	2021-12-18	2022-04-11	Europe / France / Auvergne-Rhone-Alpes / Ain
EPI_ISL_11926596	2021-12-16	2022-04-11	Europe / France / Bourgogne-Franche-Comte / Saone-et-Loire
EPI_ISL_11926600	2021-12-16	2022-04-11	Europe / France / Bourgogne-Franche-Comte / Saone-et-Loire
EPI_ISL_11926627	2021-12-16	2022-04-11	Europe / France / Bourgogne-Franche-Comte / Saone-et-Loire
EPI_ISL_11926632	2021-12-16	2022-04-11	Europe / France / Auvergne-Rhone-Alpes / Ain
EPI_ISL_11926886	2021-12-15	2022-04-11	Europe / France / Auvergne-Rhone-Alpes / Ain
EPI_ISL_11927208	2021-12-15	2022-04-11	Europe / France / Auvergne-Rhone-Alpes / Ain
EPI_ISL_11927255	2021-12-16	2022-04-11	Europe / France / Bourgogne-Franche-Comte / Saone-et-Loire
EPI_ISL_11927278	2021-12-16	2022-04-11	Europe / France / Auvergne-Rhone-Alpes / Ain
EPI_ISL_11927304	2021-12-16	2022-04-11	Europe / France / Auvergne-Rhone-Alpes / Ain
EPI_ISL_11927315	2021-12-16	2022-04-11	Europe / France / Auvergne-Rhone-Alpes / Ain
EPI_ISL_11927336	2021-12-16	2022-04-11	Europe / France / Nouvelle-Aquitaine / Vienne
EPI_ISL_11928135	2021-12-17	2022-04-11	Europe / France / Auvergne-Rhone-Alpes / Rhone
EPI_ISL_11928139	2021-12-17	2022-04-11	Europe / France / Auvergne-Rhone-Alpes / Ain
EPI_ISL_11928178	2021-12-17	2022-04-11	Europe / France / Auvergne-Rhone-Alpes / Rhone
EPI_ISL_11928191	2021-12-17	2022-04-11	Europe / France / Auvergne-Rhone-Alpes / Ain
EPI_ISL_11928306	2021-12-15	2022-04-11	Europe / France / Nouvelle-Aquitaine / Vienne
EPI_ISL_11928345	2021-12-17	2022-04-11	Europe / France / Auvergne-Rhone-Alpes / Ain
EPI_ISL_11928409	2021-12-16	2022-04-11	Europe / France / Auvergne-Rhone-Alpes / Rhone
EPI_ISL_11928974	2021-12-16	2022-04-11	Europe / France / Auvergne-Rhone-Alpes / Rhone
EPI_ISL_11929148	2021-12-15	2022-04-11	Europe / France / Auvergne-Rhone-Alpes / Ain
EPI_ISL_11929157	2021-12-15	2022-04-11	Europe / France / Auvergne-Rhone-Alpes / Ain
EPI_ISL_11929194	2021-12-15	2022-04-11	Europe / France / Auvergne-Rhone-Alpes / Ain
EPI_ISL_11929211	2021-12-15	2022-04-11	Europe / France / Auvergne-Rhone-Alpes / Ain
EPI_ISL_11929306	2021-12-15	2022-04-11	Europe / France / Auvergne-Rhone-Alpes / Ain
EPI_ISL_11929452	2021-12-15	2022-04-11	Europe / France / Auvergne-Rhone-Alpes / Ain
EPI_ISL_11929472	2021-12-15	2022-04-11	Europe / France / Auvergne-Rhone-Alpes / Ain
EPI_ISL_12023829	2021-12-21	2022-04-13	Europe / France / Auvergne-Rhone-Alpes / Ain
EPI_ISL_12024171	2021-12-21	2022-04-13	Europe / France / Auvergne-Rhone-Alpes / Ain
EPI_ISL_12024657	2021-12-22	2022-04-13	Europe / France / Auvergne-Rhone-Alpes / Ain
EPI_ISL_12024951	2021-12-21	2022-04-13	Europe / France / Nouvelle-Aquitaine / Vienne
EPI_ISL_12054740	2021-12-27	2022-04-14	Europe / France / Provence-Alpes-Cote d’Azur / Var
EPI_ISL_12063022	2021-12-20	2022-04-15	Europe / France / Nouvelle-Aquitaine / Landes
EPI_ISL_12063096	2021-12-20	2022-04-15	Europe / France / Auvergne-Rhone-Alpes / Puy-de-Dome
EPI_ISL_12063105	2021-12-20	2022-04-15	Europe / France / Auvergne-Rhone-Alpes / Puy-de-Dome
EPI_ISL_12063127	2021-12-20	2022-04-15	Europe / France / Nouvelle-Aquitaine / Landes
EPI_ISL_12063160	2021-12-20	2022-04-15	Europe / France / Auvergne-Rhone-Alpes / Puy-de-Dome
EPI_ISL_12063170	2021-12-20	2022-04-15	Europe / France / Auvergne-Rhone-Alpes / Puy-de-Dome
EPI_ISL_12063220	2021-12-17	2022-04-15	Europe / France / Occitanie / Herault
EPI_ISL_12063228	2021-12-18	2022-04-15	Europe / France / Occitanie / Herault
EPI_ISL_12063306	2021-12-20	2022-04-15	Europe / France / Auvergne-Rhone-Alpes / Puy-de-Dome
EPI_ISL_12219232	2022-01-17	2022-04-22	Europe / France / Occitanie / Herault
EPI_ISL_12223784	2022-01-10	2022-04-22	Europe / France / Occitanie / Herault
EPI_ISL_12254266	2022-01-10	2022-04-25	Europe / France / Nouvelle-Aquitaine / Pyrenees-Atlantiques
EPI_ISL_12254670	2022-01-13	2022-04-25	Europe / France / Occitanie / Haute-Garonne
EPI_ISL_12254849	2021-12-30	2022-04-25	Europe / France / Occitanie / Hautes-Pyrenees
EPI_ISL_12254910	2022-01-03	2022-04-25	Europe / France / Auvergne-Rhone-Alpes / Cantal
EPI_ISL_12257317	2022-01-04	2022-04-25	Europe / France / Occitanie / Haute-Garonne
EPI_ISL_12257322	2021-12-27	2022-04-25	Europe / France / Occitanie / Haute-Garonne
EPI_ISL_12257326	2021-12-27	2022-04-25	Europe / France / Occitanie / Haute-Garonne
EPI_ISL_12257397	2021-12-27	2022-04-25	Europe / France / Occitanie / Haute-Garonne
EPI_ISL_12257471	2021-12-27	2022-04-25	Europe / France / Occitanie / Haute-Garonne
EPI_ISL_12257472	2021-12-27	2022-04-25	Europe / France / Occitanie / Haute-Garonne
EPI_ISL_12257558	2021-12-27	2022-04-25	Europe / France / Occitanie / Haute-Garonne
EPI_ISL_12257564	2021-12-24	2022-04-25	Europe / France / Occitanie / Hautes-Pyrenees
EPI_ISL_12258982	2021-12-27	2022-04-25	Europe / France / Nouvelle-Aquitaine / Pyrenees-Atlantiques
EPI_ISL_12258992	2021-12-27	2022-04-25	Europe / France / Nouvelle-Aquitaine / Pyrenees-Atlantiques
EPI_ISL_12259661	2021-12-27	2022-04-25	Europe / France / Nouvelle-Aquitaine / Pyrenees-Atlantiques
EPI_ISL_12259678	2021-12-27	2022-04-25	Europe / France / Nouvelle-Aquitaine / Landes
EPI_ISL_12259755	2021-12-27	2022-04-25	Europe / France / Nouvelle-Aquitaine / Landes
EPI_ISL_12259757	2021-12-27	2022-04-25	Europe / France / Nouvelle-Aquitaine / Landes
EPI_ISL_12259760	2021-12-27	2022-04-25	Europe / France / Occitanie / Herault
EPI_ISL_12259778	2021-12-27	2022-04-25	Europe / France / Nouvelle-Aquitaine / Pyrenees-Atlantiques
EPI_ISL_12262624	2021-12-26	2022-04-25	Europe / France / Auvergne-Rhone-Alpes / Haute-Loire
EPI_ISL_12268173	2021-12-27	2022-04-25	Europe / France / Auvergne-Rhone-Alpes / Allier
EPI_ISL_12268197	2021-12-27	2022-04-25	Europe / France / Occitanie / Lozere
EPI_ISL_12268220	2021-12-27	2022-04-25	Europe / France / Occitanie / Lozere
EPI_ISL_12268230	2021-12-27	2022-04-25	Europe / France / Auvergne-Rhone-Alpes / Haute-Loire
EPI_ISL_12268327	2021-12-27	2022-04-25	Europe / France / Auvergne-Rhone-Alpes / Puy-de-Dome
EPI_ISL_12268553	2021-12-27	2022-04-25	Europe / France / Bourgogne-Franche-Comte
EPI_ISL_12269003	2021-12-20	2022-04-25	Europe / France / Occitanie / Tarn-et-Garonne
EPI_ISL_12269075	2021-12-22	2022-04-25	Europe / France / Nouvelle-Aquitaine / Pyrenees-Atlantiques
EPI_ISL_12269154	2021-12-20	2022-04-25	Europe / France / Occitanie / Haute-Garonne
EPI_ISL_12269159	2021-12-19	2022-04-25	Europe / France / Occitanie / Herault
EPI_ISL_12269218	2021-12-20	2022-04-25	Europe / France / Occitanie / Hautes-Pyrenees
EPI_ISL_12269243	2021-12-19	2022-04-25	Europe / France / Occitanie / Herault
EPI_ISL_12269635	2021-12-20	2022-04-25	Europe / France / Ile-de-France / Paris
EPI_ISL_12269638	2021-12-20	2022-04-25	Europe / France / Ile-de-France / Paris
EPI_ISL_12269640	2021-12-20	2022-04-25	Europe / France / Ile-de-France / Paris
EPI_ISL_12269641	2021-12-19	2022-04-25	Europe / France / Ile-de-France / Paris
EPI_ISL_12375005	2021-12-28	2022-04-28	Europe / France / Pays de la Loire / Loire-Atlantique
EPI_ISL_12623814	2021-12-27	2022-05-10	Europe / France
EPI_ISL_12623842	2022-01-03	2022-05-10	Europe / France
EPI_ISL_12747513	2021-12-27	2022-05-18	Europe / France / Auvergne-Rhone-Alpes / Isere
EPI_ISL_12747522	2021-12-27	2022-05-18	Europe / France / Auvergne-Rhone-Alpes / Isere
EPI_ISL_12747523	2021-12-27	2022-05-18	Europe / France / Auvergne-Rhone-Alpes / Isere
EPI_ISL_13871741	2021-12-27	2022-07-18	Europe / France / Auvergne-Rhone-Alpes / Haute-Savoie
EPI_ISL_13871775	2021-12-27	2022-07-18	Europe / France / Auvergne-Rhone-Alpes / Haute-Savoie
EPI_ISL_13871797	2021-12-27	2022-07-18	Europe / France / Auvergne-Rhone-Alpes / Haute-Savoie
EPI_ISL_13871821	2021-12-27	2022-07-18	Europe / France / Auvergne-Rhone-Alpes / Haute-Savoie
EPI_ISL_16467209	2021-12-22	2023-01-11	Europe / France / Ile-de-France
EPI_ISL_16467375	2021-12-29	2023-01-11	Europe / France / Ile-de-France
EPI_ISL_16467380	2021-12-17	2023-01-11	Europe / France / Ile-de-France
EPI_ISL_7989759	2021-12-15	2021-12-23	Europe / France / Auvergne-Rhone-Alpes / Isere
EPI_ISL_8121273	2021-12-15	2021-12-27	Europe / France / Auvergne-Rhone-Alpes
EPI_ISL_8121378	2021-12-15	2021-12-27	Europe / France / Auvergne-Rhone-Alpes
EPI_ISL_8147707	2021-12-17	2021-12-28	Europe / France / Bretagne
EPI_ISL_8165090	2021-12-15	2021-12-29	Europe / France / Occitanie / Haute-Garonne
EPI_ISL_8165116	2021-12-16	2021-12-29	Europe / France / Occitanie / Haute-Garonne
EPI_ISL_8165120	2021-12-16	2021-12-29	Europe / France / Occitanie / Haute-Garonne
EPI_ISL_8165134	2021-12-16	2021-12-29	Europe / France / Occitanie / Haute-Garonne
EPI_ISL_8165144	2021-12-17	2021-12-29	Europe / France / Occitanie / Haute-Garonne
EPI_ISL_8256892	2021-12-20	2021-12-31	Europe / France / Normandie
EPI_ISL_8256903	2021-12-20	2021-12-31	Europe / France / Normandie
EPI_ISL_8256951	2021-12-20	2021-12-31	Europe / France / Ile-de-France
EPI_ISL_8257220	2021-12-20	2021-12-31	Europe / France / Normandie
EPI_ISL_8258413	2021-12-15	2021-12-31	Europe / France / Bretagne
EPI_ISL_8296518	2021-12-15	2022-01-03	Europe / France / Auvergne-Rhone-Alpes
EPI_ISL_8296532	2021-12-16	2022-01-03	Europe / France / Auvergne-Rhone-Alpes
EPI_ISL_8296737	2021-12-15	2022-01-03	Europe / France / Auvergne-Rhone-Alpes / Drome
EPI_ISL_8296740	2021-12-16	2022-01-03	Europe / France / Auvergne-Rhone-Alpes / Drome
EPI_ISL_8296794	2021-12-17	2022-01-03	Europe / France / Auvergne-Rhone-Alpes
EPI_ISL_8296798	2021-12-17	2022-01-03	Europe / France / Auvergne-Rhone-Alpes
EPI_ISL_8297170	2021-12-19	2022-01-03	Europe / France / Auvergne-Rhone-Alpes
EPI_ISL_8297348	2021-12-17	2022-01-03	Europe / France / Auvergne-Rhone-Alpes
EPI_ISL_8297414	2021-12-20	2022-01-03	Europe / France / Auvergne-Rhone-Alpes
EPI_ISL_8297444	2021-12-20	2022-01-03	Europe / France / Auvergne-Rhone-Alpes
EPI_ISL_8297512	2021-12-19	2022-01-03	Europe / France / Auvergne-Rhone-Alpes
EPI_ISL_8297575	2021-12-15	2022-01-03	Europe / France / Auvergne-Rhone-Alpes / Isere
EPI_ISL_8297579	2021-12-15	2022-01-03	Europe / France / Auvergne-Rhone-Alpes / Haute-Savoie
EPI_ISL_8307011	2021-12-17	2022-01-03	Europe / France / Auvergne-Rhone-Alpes / Chamalieres
EPI_ISL_8307023	2021-12-20	2022-01-03	Europe / France / Auvergne-Rhone-Alpes / Clermont Ferrand
EPI_ISL_8307039	2021-12-18	2022-01-03	Europe / France / Auvergne-Rhone-Alpes / Espirat
EPI_ISL_8307058	2021-12-20	2022-01-03	Europe / France / Auvergne-Rhone-Alpes / Riom
EPI_ISL_8307200	2021-12-27	2022-01-03	Europe / France / Auvergne-Rhone-Alpes / Riom
EPI_ISL_8307258	2021-12-22	2022-01-03	Europe / France / Occitanie / Nimes
EPI_ISL_8314725	2021-12-19	2022-01-03	Europe / France / Occitanie / Haute-Garonne
EPI_ISL_8314735	2021-12-18	2022-01-03	Europe / France / Occitanie / Haute-Garonne
EPI_ISL_8314743	2021-12-18	2022-01-03	Europe / France / Occitanie / Haute-Garonne
EPI_ISL_8314756	2021-12-19	2022-01-03	Europe / France / Occitanie / Haute-Garonne
EPI_ISL_8347607	2021-12-26	2022-01-04	Europe / France / Occitanie / Haute-Garonne
EPI_ISL_8355536	2021-12-20	2022-01-04	Europe / France / Normandie
EPI_ISL_8355563	2021-12-20	2022-01-04	Europe / France / Normandie
EPI_ISL_8355839	2021-12-20	2022-01-04	Europe / France / Bourgogne-Franche-Comte
EPI_ISL_8356009	2021-12-20	2022-01-04	Europe / France / Ile-de-France
EPI_ISL_8356037	2021-12-20	2022-01-04	Europe / France / Ile-de-France
EPI_ISL_8375592	2021-12-21	2022-01-05	Europe / France / Auvergne-Rhone-Alpes
EPI_ISL_8375853	2021-12-19	2022-01-05	Europe / France / Occitanie / Tarn-et-Garonne
EPI_ISL_8375854	2021-12-20	2022-01-05	Europe / France / Occitanie / Tarn-et-Garonne
EPI_ISL_8375911	2021-12-20	2022-01-05	Europe / France / Auvergne-Rhone-Alpes / Loire
EPI_ISL_8375921	2021-12-20	2022-01-05	Europe / France / Occitanie
EPI_ISL_8375961	2021-12-20	2022-01-05	Europe / France / Occitanie
EPI_ISL_8375962	2021-12-20	2022-01-05	Europe / France / Occitanie
EPI_ISL_8375967	2021-12-20	2022-01-05	Europe / France / Nouvelle-Aquitaine / Deux-Sevres
EPI_ISL_8375975	2021-12-20	2022-01-05	Europe / France / Occitanie
EPI_ISL_8375979	2021-12-20	2022-01-05	Europe / France / Auvergne-Rhone-Alpes / Ain
EPI_ISL_8375985	2021-12-20	2022-01-05	Europe / France / Nouvelle-Aquitaine / Deux-Sevres
EPI_ISL_8376030	2021-12-22	2022-01-05	Europe / France / Nouvelle-Aquitaine
EPI_ISL_8376031	2021-12-20	2022-01-05	Europe / France / Nouvelle-Aquitaine
EPI_ISL_8376119	2021-12-20	2022-01-05	Europe / France / Nouvelle-Aquitaine / Gironde
EPI_ISL_8376151	2021-12-20	2022-01-05	Europe / France / Nouvelle-Aquitaine / Deux-Sevres
EPI_ISL_8376156	2021-12-20	2022-01-05	Europe / France / Nouvelle-Aquitaine / Gironde
EPI_ISL_8376161	2021-12-20	2022-01-05	Europe / France / Nouvelle-Aquitaine
EPI_ISL_8376178	2021-12-20	2022-01-05	Europe / France / Nouvelle-Aquitaine
EPI_ISL_8376205	2021-12-20	2022-01-05	Europe / France / Pays de la Loire / Vendee
EPI_ISL_8376219	2021-12-20	2022-01-05	Europe / France / Nouvelle-Aquitaine / Deux-Sevres
EPI_ISL_8376220	2021-12-20	2022-01-05	Europe / France / Nouvelle-Aquitaine
EPI_ISL_8376222	2021-12-20	2022-01-05	Europe / France / Nouvelle-Aquitaine
EPI_ISL_8376224	2021-12-20	2022-01-05	Europe / France / Nouvelle-Aquitaine / Deux-Sevres
EPI_ISL_8376226	2021-12-20	2022-01-05	Europe / France / Nouvelle-Aquitaine / Deux-Sevres
EPI_ISL_8376297	2021-12-20	2022-01-05	Europe / France / Nouvelle-Aquitaine / Correze
EPI_ISL_8376302	2021-12-20	2022-01-05	Europe / France / Nouvelle-Aquitaine / Dordogne
EPI_ISL_8376348	2021-12-20	2022-01-05	Europe / France / Auvergne-Rhone-Alpes / Haute-Savoie
EPI_ISL_8376349	2021-12-20	2022-01-05	Europe / France / Auvergne-Rhone-Alpes / Haute-Savoie
EPI_ISL_8376355	2021-12-20	2022-01-05	Europe / France / Auvergne-Rhone-Alpes / Haute-Savoie
EPI_ISL_8376356	2021-12-20	2022-01-05	Europe / France / Auvergne-Rhone-Alpes / Haute-Savoie
EPI_ISL_8376357	2021-12-20	2022-01-05	Europe / France / Auvergne-Rhone-Alpes / Haute-Savoie
EPI_ISL_8376363	2021-12-20	2022-01-05	Europe / France / Auvergne-Rhone-Alpes / Haute-Savoie
EPI_ISL_8376371	2021-12-20	2022-01-05	Europe / France / Auvergne-Rhone-Alpes / Haute-Savoie
EPI_ISL_8376379	2021-12-20	2022-01-05	Europe / France / Auvergne-Rhone-Alpes / Rhone
EPI_ISL_8376381	2021-12-20	2022-01-05	Europe / France / Auvergne-Rhone-Alpes / Haute-Savoie
EPI_ISL_8376450	2021-12-20	2022-01-05	Europe / France / Auvergne-Rhone-Alpes / Haute-Savoie
EPI_ISL_8376494	2021-12-20	2022-01-05	Europe / France / Nouvelle-Aquitaine / Pyrenees-Atlantiques
EPI_ISL_8376496	2021-12-20	2022-01-05	Europe / France / Nouvelle-Aquitaine / Pyrenees-Atlantiques
EPI_ISL_8376506	2021-12-26	2022-01-05	Europe / France / Auvergne-Rhone-Alpes
EPI_ISL_8376519	2021-12-20	2022-01-05	Europe / France / Nouvelle-Aquitaine / Lot-et-Garonne
EPI_ISL_8376564	2021-12-20	2022-01-05	Europe / France / Auvergne-Rhone-Alpes / Ain
EPI_ISL_8376606	2021-12-20	2022-01-05	Europe / France / Occitanie / Haute-Garonne
EPI_ISL_8376617	2021-12-20	2022-01-05	Europe / France / Nouvelle-Aquitaine
EPI_ISL_8376623	2021-12-20	2022-01-05	Europe / France / Auvergne-Rhone-Alpes / Ain
EPI_ISL_8376625	2021-12-24	2022-01-05	Europe / France / Auvergne-Rhone-Alpes
EPI_ISL_8376650	2021-12-24	2022-01-05	Europe / France / Auvergne-Rhone-Alpes / Drome
EPI_ISL_8376677	2021-12-24	2022-01-05	Europe / France / Auvergne-Rhone-Alpes / Drome
EPI_ISL_8376679	2021-12-24	2022-01-05	Europe / France / Auvergne-Rhone-Alpes / Drome
EPI_ISL_8376689	2021-12-20	2022-01-05	Europe / France / Occitanie
EPI_ISL_8376708	2021-12-20	2022-01-05	Europe / France / Nouvelle-Aquitaine / Vienne
EPI_ISL_8376719	2021-12-20	2022-01-05	Europe / France / Nouvelle-Aquitaine / Vienne
EPI_ISL_8376723	2021-12-20	2022-01-05	Europe / France / Nouvelle-Aquitaine / Vienne
EPI_ISL_8376731	2021-12-20	2022-01-05	Europe / France / Nouvelle-Aquitaine / Vienne
EPI_ISL_8376793	2021-12-25	2022-01-05	Europe / France / Auvergne-Rhone-Alpes / Isere
EPI_ISL_8376795	2021-12-25	2022-01-05	Europe / France / Auvergne-Rhone-Alpes / Isere
EPI_ISL_8376801	2021-12-27	2022-01-05	Europe / France / Auvergne-Rhone-Alpes
EPI_ISL_8376804	2021-12-27	2022-01-05	Europe / France / Auvergne-Rhone-Alpes
EPI_ISL_8414667	2021-12-30	2022-01-06	Europe / France / Ile-de-France
EPI_ISL_8416143	2021-12-20	2022-01-06	Europe / France / Normandie
EPI_ISL_8416300	2021-12-20	2022-01-06	Europe / France / Hauts-de-France
EPI_ISL_8416301	2021-12-20	2022-01-06	Europe / France / Hauts-de-France
EPI_ISL_8416302	2021-12-24	2022-01-06	Europe / France / Hauts-de-France
EPI_ISL_8416660	2021-12-21	2022-01-06	Europe / France / Ile-de-France
EPI_ISL_8422822	2021-12-21	2022-01-06	Europe / France / Ile-de-France
EPI_ISL_8422825	2021-12-21	2022-01-06	Europe / France / Corse
EPI_ISL_8422835	2021-12-20	2022-01-06	Europe / France / Ile-de-France
EPI_ISL_8447528	2021-12-24	2022-01-07	Europe / France / Nouvelle-Aquitaine
EPI_ISL_8462984	2021-12-28	2022-01-07	Europe / France / Auvergne-Rhone-Alpes / Riom
EPI_ISL_8462997	2021-12-29	2022-01-07	Europe / France / Auvergne-Rhone-Alpes / St Diery Haut
EPI_ISL_8462999	2021-12-29	2022-01-07	Europe / France / Auvergne-Rhone-Alpes / Pont Du Chateau
EPI_ISL_8463022	2021-12-31	2022-01-07	Europe / France / Auvergne-Rhone-Alpes / Issoire
EPI_ISL_8463029	2021-12-31	2022-01-07	Europe / France / Auvergne-Rhone-Alpes / Pont Du Chateau
EPI_ISL_8463935	2021-12-22	2022-01-07	Europe / France / Hauts-de-France / Valenciennes
EPI_ISL_8464003	2021-12-20	2022-01-07	Europe / France / Hauts-de-France / Henin Beaumont
EPI_ISL_8464013	2021-12-20	2022-01-07	Europe / France / Hauts-de-France / Henin Beaumont
EPI_ISL_8464738	2021-12-20	2022-01-07	Europe / France / Occitanie / Haute-Garonne
EPI_ISL_8464745	2021-12-21	2022-01-07	Europe / France / Occitanie / Haute-Garonne
EPI_ISL_8464765	2021-12-19	2022-01-07	Europe / France / Occitanie / Haute-Garonne
EPI_ISL_8464766	2021-12-19	2022-01-07	Europe / France / Occitanie / Haute-Garonne
EPI_ISL_8464772	2021-12-19	2022-01-07	Europe / France / Occitanie / Haute-Garonne
EPI_ISL_8477703	2021-12-31	2022-01-07	Europe / France / Bretagne
EPI_ISL_8542260	2021-12-27	2022-01-10	Europe / France / Centre-Val de Loire / Neuville-Aux-Bois
EPI_ISL_8543670	2021-12-20	2022-01-10	Europe / France / Bourgogne-Franche-Comte
EPI_ISL_8544537	2021-12-20	2022-01-10	Europe / France / Occitanie
EPI_ISL_8544557	2021-12-20	2022-01-10	Europe / France / Corse
EPI_ISL_8544636	2021-12-20	2022-01-10	Europe / France / Occitanie / Ariege
EPI_ISL_8544662	2021-12-20	2022-01-10	Europe / France / Auvergne-Rhone-Alpes / Rhone
EPI_ISL_8544753	2021-12-27	2022-01-10	Europe / France / Auvergne-Rhone-Alpes / Drome
EPI_ISL_8544755	2021-12-27	2022-01-10	Europe / France / Auvergne-Rhone-Alpes / Drome
EPI_ISL_8544796	2021-12-27	2022-01-10	Europe / France / Occitanie / Haute-Garonne
EPI_ISL_8544804	2021-12-27	2022-01-10	Europe / France / Occitanie / Haute-Garonne
EPI_ISL_8544809	2021-12-27	2022-01-10	Europe / France / Occitanie / Haute-Garonne
EPI_ISL_8544833	2021-12-27	2022-01-10	Europe / France / Nouvelle-Aquitaine / Pyrenees-Atlantiques
EPI_ISL_8544887	2021-12-29	2022-01-10	Europe / France / Auvergne-Rhone-Alpes
EPI_ISL_8546422	2021-12-20	2022-01-10	Europe / France / Occitanie / Toulouse
EPI_ISL_8546424	2021-12-20	2022-01-10	Europe / France / Provence-Alpes-Cote d’Azur / Cagnes-Sur-Mer
EPI_ISL_8546438	2021-12-20	2022-01-10	Europe / France / Occitanie / Toulouse
EPI_ISL_8546445	2021-12-27	2022-01-10	Europe / France / Bretagne / Vannes
EPI_ISL_8546446	2021-12-20	2022-01-10	Europe / France / Auvergne-Rhone-Alpes / Lyon
EPI_ISL_8546468	2021-12-20	2022-01-10	Europe / France / Provence-Alpes-Cote d’Azur / Cagnes-Sur-Mer
EPI_ISL_8546470	2021-12-20	2022-01-10	Europe / France / Provence-Alpes-Cote d’Azur / Cagnes-Sur-Mer
EPI_ISL_8546477	2021-12-20	2022-01-10	Europe / France / Provence-Alpes-Cote d’Azur / Cagnes-Sur-Mer
EPI_ISL_8546484	2021-12-27	2022-01-10	Europe / France / Pays de la Loire / Laval
EPI_ISL_8546494	2021-12-20	2022-01-10	Europe / France / Occitanie / Toulouse
EPI_ISL_8546501	2021-12-20	2022-01-10	Europe / France / Occitanie / Toulouse
EPI_ISL_8546519	2021-12-20	2022-01-10	Europe / France / Ile-de-France / Lisses
EPI_ISL_8546521	2021-12-27	2022-01-10	Europe / France / Ile-de-France / Le Chesnay
EPI_ISL_8546525	2021-12-26	2022-01-10	Europe / France / Ile-de-France / Clamart
EPI_ISL_8546542	2021-12-20	2022-01-10	Europe / France / Hauts-de-France / Denain
EPI_ISL_8546548	2021-12-20	2022-01-10	Europe / France / Hauts-de-France / Compiegne
EPI_ISL_8546567	2021-12-27	2022-01-10	Europe / France / Centre-Val de Loire / Neuville-Aux-Bois
EPI_ISL_8546581	2021-12-27	2022-01-10	Europe / France / Bretagne / Vannes
EPI_ISL_8546609	2021-12-20	2022-01-10	Europe / France / Auvergne-Rhone-Alpes / Lyon
EPI_ISL_8546625	2021-12-20	2022-01-10	Europe / France / Auvergne-Rhone-Alpes / Lyon
EPI_ISL_8633706	2021-12-27	2022-01-12	Europe / France / Grand Est
EPI_ISL_8669396	2021-12-20	2022-01-13	Europe / France / Nouvelle-Aquitaine
EPI_ISL_8669413	2021-12-20	2022-01-13	Europe / France / Nouvelle-Aquitaine
EPI_ISL_8669492	2021-12-20	2022-01-13	Europe / France / Auvergne-Rhone-Alpes
EPI_ISL_8669528	2021-12-20	2022-01-13	Europe / France / Nouvelle-Aquitaine
EPI_ISL_8669546	2021-12-28	2022-01-13	Europe / France / Auvergne-Rhone-Alpes
EPI_ISL_8669576	2021-12-20	2022-01-13	Europe / France / Auvergne-Rhone-Alpes
EPI_ISL_8669613	2021-12-20	2022-01-13	Europe / France / Auvergne-Rhone-Alpes
EPI_ISL_8669641	2021-12-20	2022-01-13	Europe / France / Nouvelle-Aquitaine
EPI_ISL_8669664	2021-12-23	2022-01-13	Europe / France / Auvergne-Rhone-Alpes
EPI_ISL_8669671	2021-12-20	2022-01-13	Europe / France / Auvergne-Rhone-Alpes
EPI_ISL_8669679	2021-12-20	2022-01-13	Europe / France / Auvergne-Rhone-Alpes
EPI_ISL_8669686	2021-12-20	2022-01-13	Europe / France / Auvergne-Rhone-Alpes
EPI_ISL_8669739	2021-12-20	2022-01-13	Europe / France / Nouvelle-Aquitaine
EPI_ISL_8669760	2021-12-23	2022-01-13	Europe / France / Auvergne-Rhone-Alpes
EPI_ISL_8669780	2021-12-28	2022-01-13	Europe / France / Auvergne-Rhone-Alpes
EPI_ISL_8669812	2021-12-28	2022-01-13	Europe / France / Auvergne-Rhone-Alpes
EPI_ISL_8669845	2021-12-20	2022-01-13	Europe / France / Auvergne-Rhone-Alpes
EPI_ISL_8669892	2021-12-20	2022-01-13	Europe / France / Occitanie
EPI_ISL_8669996	2021-12-29	2022-01-13	Europe / France / Auvergne-Rhone-Alpes
EPI_ISL_8670054	2021-12-21	2022-01-13	Europe / France / Auvergne-Rhone-Alpes
EPI_ISL_8670294	2021-12-29	2022-01-13	Europe / France / Auvergne-Rhone-Alpes
EPI_ISL_8670649	2021-12-27	2022-01-13	Europe / France / Auvergne-Rhone-Alpes
EPI_ISL_8670689	2021-12-27	2022-01-13	Europe / France / Occitanie
EPI_ISL_8670694	2021-12-27	2022-01-13	Europe / France / Occitanie
EPI_ISL_8670762	2021-12-27	2022-01-13	Europe / France / Auvergne-Rhone-Alpes
EPI_ISL_8670882	2021-12-27	2022-01-13	Europe / France / Nouvelle-Aquitaine
EPI_ISL_8670943	2021-12-27	2022-01-13	Europe / France / Auvergne-Rhone-Alpes
EPI_ISL_8670951	2021-12-27	2022-01-13	Europe / France / Nouvelle-Aquitaine
EPI_ISL_8671058	2021-12-27	2022-01-13	Europe / France / Nouvelle-Aquitaine
EPI_ISL_8671247	2021-12-29	2022-01-13	Europe / France / Auvergne-Rhone-Alpes
EPI_ISL_8671278	2021-12-30	2022-01-13	Europe / France / Auvergne-Rhone-Alpes
EPI_ISL_8671293	2021-12-30	2022-01-13	Europe / France / Auvergne-Rhone-Alpes
EPI_ISL_8671345	2021-12-27	2022-01-13	Europe / France / Nouvelle-Aquitaine
EPI_ISL_8671454	2021-12-27	2022-01-13	Europe / France / Occitanie
EPI_ISL_8671533	2021-12-27	2022-01-13	Europe / France / Occitanie
EPI_ISL_8671606	2021-12-27	2022-01-13	Europe / France / Occitanie
EPI_ISL_8671611	2021-12-27	2022-01-13	Europe / France / Occitanie
EPI_ISL_8671631	2021-12-27	2022-01-13	Europe / France / Occitanie
EPI_ISL_8671720	2022-01-01	2022-01-13	Europe / France / Auvergne-Rhone-Alpes
EPI_ISL_8671779	2022-01-02	2022-01-13	Europe / France / Auvergne-Rhone-Alpes
EPI_ISL_8671845	2021-12-27	2022-01-13	Europe / France / Nouvelle-Aquitaine
EPI_ISL_8671847	2021-12-27	2022-01-13	Europe / France / Nouvelle-Aquitaine
EPI_ISL_8671848	2021-12-27	2022-01-13	Europe / France / Nouvelle-Aquitaine
EPI_ISL_8671947	2021-12-27	2022-01-13	Europe / France / Nouvelle-Aquitaine / Charente
EPI_ISL_8672201	2022-01-03	2022-01-13	Europe / France / Auvergne-Rhone-Alpes
EPI_ISL_8672306	2021-12-27	2022-01-13	Europe / France / Nouvelle-Aquitaine / Gironde
EPI_ISL_8672490	2021-12-27	2022-01-13	Europe / France / Nouvelle-Aquitaine / Deux-Sevres
EPI_ISL_8672894	2021-12-30	2022-01-13	Europe / France / Auvergne-Rhone-Alpes
EPI_ISL_8673097	2021-12-30	2022-01-13	Europe / France / Nouvelle-Aquitaine / Vienne
EPI_ISL_8770358	2021-12-30	2022-01-17	Europe / France / Auvergne-Rhone-Alpes
EPI_ISL_8786676	2021-12-27	2022-01-17	Europe / France / Nouvelle-Aquitaine
EPI_ISL_8786711	2021-12-27	2022-01-17	Europe / France / Nouvelle-Aquitaine
EPI_ISL_8786712	2021-12-27	2022-01-17	Europe / France / Nouvelle-Aquitaine
EPI_ISL_8786732	2021-12-27	2022-01-17	Europe / France / Nouvelle-Aquitaine
EPI_ISL_8786753	2021-12-27	2022-01-17	Europe / France / Nouvelle-Aquitaine
EPI_ISL_8786816	2021-12-27	2022-01-17	Europe / France / Occitanie
EPI_ISL_8786820	2021-12-27	2022-01-17	Europe / France / Occitanie
EPI_ISL_8786916	2021-12-27	2022-01-17	Europe / France / Nouvelle-Aquitaine
EPI_ISL_8786938	2021-12-27	2022-01-17	Europe / France / Nouvelle-Aquitaine
EPI_ISL_8786963	2021-12-27	2022-01-17	Europe / France / Nouvelle-Aquitaine
EPI_ISL_8787109	2021-12-27	2022-01-17	Europe / France / Nouvelle-Aquitaine / Landes
EPI_ISL_8787197	2022-01-04	2022-01-17	Europe / France / Auvergne-Rhone-Alpes
EPI_ISL_8787210	2021-12-22	2022-01-17	Europe / France / Occitanie / Ariege
EPI_ISL_8787266	2021-12-31	2022-01-17	Europe / France / Auvergne-Rhone-Alpes / Ain
EPI_ISL_8787397	2021-12-21	2022-01-17	Europe / France / Occitanie / Haute-Garonne
EPI_ISL_8787424	2021-12-21	2022-01-17	Europe / France / Bourgogne-Franche-Comte / Saone-et-Loire
EPI_ISL_8787428	2021-12-28	2022-01-17	Europe / France / Occitanie / Haute-Garonne
EPI_ISL_8787512	2021-12-21	2022-01-17	Europe / France / Occitanie / Ariege
EPI_ISL_8787520	2021-12-22	2022-01-17	Europe / France / Occitanie / Tarn
EPI_ISL_8787528	2021-12-31	2022-01-17	Europe / France / Nouvelle-Aquitaine / Vienne
EPI_ISL_8787530	2021-12-23	2022-01-17	Europe / France / Occitanie / Ariege
EPI_ISL_8787531	2021-12-31	2022-01-17	Europe / France / Nouvelle-Aquitaine / Vienne
EPI_ISL_8787654	2021-12-30	2022-01-17	Europe / France / Auvergne-Rhone-Alpes
EPI_ISL_8789291	2021-12-28	2022-01-17	Europe / France / Hauts-de-France / Douai
EPI_ISL_8789424	2021-12-27	2022-01-17	Europe / France / Nouvelle-Aquitaine / Langon
EPI_ISL_8789436	2021-12-27	2022-01-17	Europe / France / Nouvelle-Aquitaine / Langon
EPI_ISL_8789651	2021-12-27	2022-01-17	Europe / France / Hauts-de-France / Creil
EPI_ISL_8789655	2021-12-27	2022-01-17	Europe / France / Hauts-de-France / Creil
EPI_ISL_8789665	2021-12-20	2022-01-17	Europe / France / Hauts-de-France / Creil
EPI_ISL_8789746	2021-12-27	2022-01-17	Europe / France / Hauts-de-France / Soissons
EPI_ISL_8789793	2021-12-27	2022-01-17	Europe / France / Ile-de-France / L’Isle-Adam
EPI_ISL_8789816	2021-12-27	2022-01-17	Europe / France / Ile-de-France / L’Isle-Adam
EPI_ISL_8790818	2022-01-02	2022-01-17	Europe / France / Bourgogne-Franche-Comte
EPI_ISL_8790990	2021-12-20	2022-01-17	Europe / France / Grand Est
EPI_ISL_8810795	2021-12-20	2022-01-18	Europe / France / Occitanie
EPI_ISL_8810854	2021-12-20	2022-01-18	Europe / France / Auvergne-Rhone-Alpes
EPI_ISL_8810875	2021-12-20	2022-01-18	Europe / France / Nouvelle-Aquitaine
EPI_ISL_8810952	2022-01-01	2022-01-18	Europe / France / Auvergne-Rhone-Alpes
EPI_ISL_8811221	2021-12-27	2022-01-18	Europe / France / Auvergne-Rhone-Alpes / Ain
EPI_ISL_8811282	2021-12-27	2022-01-18	Europe / France / Auvergne-Rhone-Alpes / Rhone
EPI_ISL_8811301	2021-12-27	2022-01-18	Europe / France / Nouvelle-Aquitaine / Lot-et-Garonne
EPI_ISL_8811486	2021-12-27	2022-01-18	Europe / France / Auvergne-Rhone-Alpes
EPI_ISL_8811881	2022-01-03	2022-01-18	Europe / France / Auvergne-Rhone-Alpes / Drome
EPI_ISL_8811893	2022-01-03	2022-01-18	Europe / France / Nouvelle-Aquitaine / Correze
EPI_ISL_8812248	2022-01-03	2022-01-18	Europe / France / Auvergne-Rhone-Alpes / Rhone
EPI_ISL_8812405	2021-12-27	2022-01-18	Europe / France / Auvergne-Rhone-Alpes / Ain
EPI_ISL_8812436	2021-12-27	2022-01-18	Europe / France / Auvergne-Rhone-Alpes / Ain
EPI_ISL_8846287	2021-12-26	2022-01-19	Europe / France / Grenoble
EPI_ISL_8846297	2021-12-25	2022-01-19	Europe / France / Grenoble
EPI_ISL_8847191	2022-01-05	2022-01-19	Europe / France / Grenoble
EPI_ISL_8864918	2021-12-16	2022-01-19	Europe / France / Auvergne-Rhone-Alpes / Grenoble
EPI_ISL_8869086	2022-01-04	2022-01-19	Europe / France / Auvergne-Rhone-Alpes / Grenoble
EPI_ISL_8869428	2021-12-31	2022-01-19	Europe / France / Auvergne-Rhone-Alpes / Grenoble
EPI_ISL_8869449	2022-01-01	2022-01-19	Europe / France / Auvergne-Rhone-Alpes / Grenoble
EPI_ISL_8871046	2021-12-15	2022-01-19	Europe / France / Auvergne-Rhone-Alpes / Grenoble
EPI_ISL_8871956	2021-12-21	2022-01-19	Europe / France / Auvergne-Rhone-Alpes / Grenoble
EPI_ISL_8873673	2021-12-28	2022-01-19	Europe / France / Auvergne-Rhone-Alpes / Grenoble
EPI_ISL_8873693	2022-01-06	2022-01-19	Europe / France / Auvergne-Rhone-Alpes / Grenoble
EPI_ISL_8873695	2022-01-06	2022-01-19	Europe / France / Auvergne-Rhone-Alpes / Grenoble
EPI_ISL_8874081	2021-12-30	2022-01-19	Europe / France / Auvergne-Rhone-Alpes / Grenoble
EPI_ISL_8874095	2021-12-30	2022-01-19	Europe / France / Auvergne-Rhone-Alpes / Grenoble
EPI_ISL_8874794	2021-12-21	2022-01-19	Europe / France / Auvergne-Rhone-Alpes / Grenoble
EPI_ISL_8875893	2021-12-15	2022-01-19	Europe / France / Auvergne-Rhone-Alpes / Grenoble
EPI_ISL_8875909	2021-12-16	2022-01-19	Europe / France / Auvergne-Rhone-Alpes / Grenoble
EPI_ISL_8926197	2021-12-27	2022-01-21	Europe / France / Hauts-de-France / Henin Beaumont
EPI_ISL_8926198	2021-12-27	2022-01-21	Europe / France / Hauts-de-France / Henin Beaumont
EPI_ISL_8926213	2021-12-27	2022-01-21	Europe / France / Ile-de-France / Lisses
EPI_ISL_8931727	2021-12-27	2022-01-21	Europe / France / Bourgogne-Franche-Comte
EPI_ISL_8931735	2021-12-27	2022-01-21	Europe / France / Bourgogne-Franche-Comte
EPI_ISL_8931879	2021-12-27	2022-01-21	Europe / France / Grand Est
EPI_ISL_8932380	2021-12-27	2022-01-21	Europe / France / Bourgogne-Franche-Comte
EPI_ISL_8932387	2021-12-27	2022-01-21	Europe / France / Grand Est
EPI_ISL_9002728	2021-12-31	2022-01-23	Europe / France / Occitanie / Nimes
EPI_ISL_9002742	2022-01-03	2022-01-23	Europe / France / Occitanie / Nimes
EPI_ISL_9015961	2022-01-03	2022-01-24	Europe / France / Pays de la Loire / Saint-Gilles-Croix-De-Vie
EPI_ISL_9016025	2022-01-03	2022-01-24	Europe / France / Ile-de-France / Paris
EPI_ISL_9016099	2022-01-03	2022-01-24	Europe / France / Hauts-de-France / Creil
EPI_ISL_9016144	2022-01-03	2022-01-24	Europe / France / Centre-Val de Loire / Vierzon
EPI_ISL_9016161	2022-01-03	2022-01-24	Europe / France / Centre-Val de Loire / Orleans
EPI_ISL_9016188	2022-01-03	2022-01-24	Europe / France / Bretagne / Vannes
EPI_ISL_9036513	2021-12-27	2022-01-24	Europe / France / Grand Est
EPI_ISL_9079938	2021-12-27	2022-01-25	Europe / France / Grand Est
EPI_ISL_9087420	2021-12-27	2022-01-25	Europe / France / Hauts-de-France / Wasquehal
EPI_ISL_9087446	2021-12-27	2022-01-25	Europe / France / Bretagne / Vannes
EPI_ISL_9087447	2021-12-27	2022-01-25	Europe / France / Bretagne / Vannes
EPI_ISL_9087454	2021-12-27	2022-01-25	Europe / France / Bretagne / Vannes
EPI_ISL_9089742	2021-12-29	2022-01-25	Europe / France / Ile-de-France / Neuilly-Sur-Seine
EPI_ISL_9123873	2021-12-20	2022-01-26	Europe / France / Ile-de-France / Malakoff
EPI_ISL_9123875	2021-12-20	2022-01-26	Europe / France / Ile-de-France / Malakoff
EPI_ISL_9123885	2021-12-20	2022-01-26	Europe / France / Pays de la Loire / Chaumes En Retz
EPI_ISL_9123895	2021-12-20	2022-01-26	Europe / France / Pays de la Loire / Cholet
EPI_ISL_9123918	2021-12-20	2022-01-26	Europe / France / Pays de la Loire / Trelaze
EPI_ISL_9123925	2021-12-20	2022-01-26	Europe / France / Pays de la Loire / Chaumes En Retz
EPI_ISL_9125857	2021-12-18	2022-01-26	Europe / France / Normandie
EPI_ISL_9125863	2021-12-31	2022-01-26	Europe / France / Normandie
EPI_ISL_9125864	2022-01-03	2022-01-26	Europe / France / Normandie
EPI_ISL_9125890	2022-01-02	2022-01-26	Europe / France / Normandie
EPI_ISL_9127111	2021-12-19	2022-01-26	Europe / France / Ile-de-France
EPI_ISL_9127119	2021-12-17	2022-01-26	Europe / France / Ile-de-France
EPI_ISL_9127121	2021-12-17	2022-01-26	Europe / France / Ile-de-France
EPI_ISL_9127123	2021-12-17	2022-01-26	Europe / France / Ile-de-France
EPI_ISL_9127124	2021-12-17	2022-01-26	Europe / France / Ile-de-France
EPI_ISL_9127125	2021-12-17	2022-01-26	Europe / France / Ile-de-France
EPI_ISL_9127126	2021-12-17	2022-01-26	Europe / France / Ile-de-France
EPI_ISL_9127136	2021-12-16	2022-01-26	Europe / France / Auvergne-Rhone-Alpes
EPI_ISL_9127137	2021-12-17	2022-01-26	Europe / France / Ile-de-France
EPI_ISL_9146280	2021-12-18	2022-01-26	Europe / France / Ile-de-France
EPI_ISL_9146282	2021-12-27	2022-01-26	Europe / France / Ile-de-France
EPI_ISL_9155618	2022-01-02	2022-01-27	Europe / France / Auvergne-Rhone-Alpes
EPI_ISL_9155758	2021-12-27	2022-01-27	Europe / France / Auvergne-Rhone-Alpes / Ain
EPI_ISL_9155877	2021-12-27	2022-01-27	Europe / France / Auvergne-Rhone-Alpes / Ain
EPI_ISL_9156025	2021-12-27	2022-01-27	Europe / France / Auvergne-Rhone-Alpes / Ain
EPI_ISL_9156127	2022-01-07	2022-01-27	Europe / France / Auvergne-Rhone-Alpes / Rhone
EPI_ISL_9178358	2022-01-10	2022-01-27	Europe / France / Provence-Alpes-Cote d’Azur
EPI_ISL_9186526	2021-12-27	2022-01-27	Europe / France / Grand Est
EPI_ISL_9186605	2021-12-27	2022-01-27	Europe / France / Grand Est
EPI_ISL_9186694	2021-12-27	2022-01-27	Europe / France / Grand Est
EPI_ISL_9186746	2021-12-27	2022-01-27	Europe / France / Grand Est
EPI_ISL_9186757	2021-12-27	2022-01-27	Europe / France / Grand Est
EPI_ISL_9245675	2022-01-10	2022-01-28	Europe / France / Ile-de-France / Argenteuil
EPI_ISL_9245677	2022-01-10	2022-01-28	Europe / France / Pays de la Loire / Angers
EPI_ISL_9251967	2021-12-20	2022-01-28	Europe / France / Centre-Val de Loire
EPI_ISL_9251980	2021-12-27	2022-01-28	Europe / France / Hauts-de-France
EPI_ISL_9258633	2022-01-19	2022-01-28	Europe / France / Bretagne / Corps nuds
EPI_ISL_9315185	2022-01-10	2022-01-31	Europe / France / Auvergne-Rhone-Alpes
EPI_ISL_9316344	2022-01-13	2022-01-31	Europe / France / Auvergne-Rhone-Alpes
EPI_ISL_9317100	2022-01-03	2022-01-31	Europe / France / Auvergne-Rhone-Alpes
EPI_ISL_9317503	2021-12-27	2022-01-31	Europe / France / Auvergne-Rhone-Alpes
EPI_ISL_9317705	2021-12-27	2022-01-31	Europe / France / Auvergne-Rhone-Alpes
EPI_ISL_9319250	2022-01-10	2022-01-31	Europe / France / Nouvelle-Aquitaine
EPI_ISL_9319262	2022-01-07	2022-01-31	Europe / France / Auvergne-Rhone-Alpes
EPI_ISL_9319468	2022-01-03	2022-01-31	Europe / France / Centre-Val de Loire
EPI_ISL_9324909	2022-01-21	2022-01-31	Europe / France / Auvergne-Rhone-Alpes
EPI_ISL_9340488	2021-12-27	2022-01-31	Europe / France / Grand Est
EPI_ISL_9340550	2021-12-27	2022-01-31	Europe / France / Grand Est
EPI_ISL_9340565	2021-12-27	2022-01-31	Europe / France / Grand Est
EPI_ISL_9340754	2021-12-27	2022-01-31	Europe / France / Grand Est
EPI_ISL_9368462	2021-12-27	2022-02-01	Europe / France / Grand Est
EPI_ISL_9388305	2021-12-27	2022-02-01	Europe / France / Grand Est / Pannes
EPI_ISL_9388309	2022-01-03	2022-02-01	Europe / France / Hauts-de-France / Denain
EPI_ISL_9388311	2022-01-03	2022-02-01	Europe / France / Hauts-de-France / Douai
EPI_ISL_9388312	2022-01-03	2022-02-01	Europe / France / Hauts-de-France / Douai
EPI_ISL_9388316	2022-01-10	2022-02-01	Europe / France / Hauts-de-France / Rang-Du-Fliers
EPI_ISL_9388326	2022-01-03	2022-02-01	Europe / France / Ile-de-France / Lisses
EPI_ISL_9388338	2022-01-10	2022-02-01	Europe / France / Ile-de-France / Poissy
EPI_ISL_9388339	2022-01-03	2022-02-01	Europe / France / Nouvelle-Aquitaine / Langon
EPI_ISL_9388762	2022-01-03	2022-02-01	Europe / France / Hauts-de-France / Lille
EPI_ISL_9415904	2021-12-27	2022-02-02	Europe / France / Grand Est
EPI_ISL_9415912	2021-12-27	2022-02-02	Europe / France / Grand Est
EPI_ISL_9415939	2022-01-03	2022-02-02	Europe / France / Bourgogne-Franche-Comte
EPI_ISL_9415968	2022-01-03	2022-02-02	Europe / France / Bourgogne-Franche-Comte
EPI_ISL_9416052	2022-01-03	2022-02-02	Europe / France / Bourgogne-Franche-Comte
EPI_ISL_9425034	2021-12-20	2022-02-02	Europe / France / Occitanie
EPI_ISL_9425067	2021-12-20	2022-02-02	Europe / France / Auvergne-Rhone-Alpes
EPI_ISL_9425079	2021-12-20	2022-02-02	Europe / France / Nouvelle-Aquitaine
EPI_ISL_9425119	2022-01-01	2022-02-02	Europe / France / Auvergne-Rhone-Alpes
EPI_ISL_9425274	2021-12-27	2022-02-02	Europe / France / Auvergne-Rhone-Alpes / Ain
EPI_ISL_9425311	2021-12-27	2022-02-02	Europe / France / Auvergne-Rhone-Alpes / Rhone
EPI_ISL_9425323	2021-12-27	2022-02-02	Europe / France / Nouvelle-Aquitaine / Lot-et-Garonne
EPI_ISL_9425391	2021-12-27	2022-02-02	Europe / France / Auvergne-Rhone-Alpes
EPI_ISL_9425736	2022-01-03	2022-02-02	Europe / France / Auvergne-Rhone-Alpes / Drome
EPI_ISL_9425742	2022-01-03	2022-02-02	Europe / France / Nouvelle-Aquitaine / Correze
EPI_ISL_9426103	2022-01-03	2022-02-02	Europe / France / Auvergne-Rhone-Alpes / Rhone
EPI_ISL_9426233	2021-12-27	2022-02-02	Europe / France / Auvergne-Rhone-Alpes / Ain
EPI_ISL_9426264	2021-12-27	2022-02-02	Europe / France / Auvergne-Rhone-Alpes / Ain
EPI_ISL_9427956	2022-01-05	2022-02-02	Europe / France / Auvergne-Rhone-Alpes / Grenoble
EPI_ISL_9428428	2022-01-09	2022-02-02	Europe / France / Ile-de-France
EPI_ISL_9518155	2021-12-27	2022-02-04	Europe / France / Grand Est
EPI_ISL_9518218	2022-01-03	2022-02-04	Europe / France / Bourgogne-Franche-Comte
EPI_ISL_9518362	2021-12-27	2022-02-04	Europe / France / Normandie
EPI_ISL_9518445	2021-12-27	2022-02-04	Europe / France / Bourgogne-Franche-Comte
EPI_ISL_9519976	2021-12-27	2022-02-04	Europe / France / Grand Est
EPI_ISL_9519989	2021-12-27	2022-02-04	Europe / France / Grand Est
EPI_ISL_9597161	2021-12-27	2022-02-07	Europe / France / Auvergne-Rhone-Alpes
EPI_ISL_9597571	2022-01-10	2022-02-07	Europe / France / Nouvelle-Aquitaine / Lot-et-Garonne
EPI_ISL_9597675	2022-01-10	2022-02-07	Europe / France / Occitanie / Hautes-Pyrenees
EPI_ISL_9597720	2022-01-10	2022-02-07	Europe / France / Auvergne-Rhone-Alpes / Ain
EPI_ISL_9598321	2022-01-19	2022-02-07	Europe / France / Auvergne-Rhone-Alpes
EPI_ISL_9603203	2021-12-31	2022-02-07	Europe / France / Auvergne-Rhone-Alpes / Rhone
EPI_ISL_9612246	2021-12-20	2022-02-07	Europe / France / Nouvelle-Aquitaine / Langon
EPI_ISL_9613654	2021-12-20	2022-02-07	Europe / France / Ile-de-France
EPI_ISL_9662673	2021-12-24	2022-02-08	Europe / France / Occitanie / Aveyron
EPI_ISL_9662674	2021-12-30	2022-02-08	Europe / France / Occitanie / Gers
EPI_ISL_9662677	2021-12-19	2022-02-08	Europe / France / Occitanie / Haute-Garonne
EPI_ISL_9662699	2021-12-21	2022-02-08	Europe / France / Occitanie / Haute-Garonne
EPI_ISL_9662721	2021-12-27	2022-02-08	Europe / France / Occitanie / Haute-Garonne
EPI_ISL_9662722	2021-12-27	2022-02-08	Europe / France / Occitanie / Haute-Garonne
EPI_ISL_9662724	2021-12-22	2022-02-08	Europe / France / Occitanie / Haute-Garonne
EPI_ISL_9662729	2021-12-21	2022-02-08	Europe / France / Occitanie / Haute-Garonne
EPI_ISL_9668693	2021-12-31	2022-02-08	Europe / France / Occitanie / Haute-Garonne
EPI_ISL_9668694	2021-12-27	2022-02-08	Europe / France / Occitanie / Haute-Garonne
EPI_ISL_9668697	2021-12-31	2022-02-08	Europe / France / Occitanie / Haute-Garonne
EPI_ISL_9668698	2021-12-31	2022-02-08	Europe / France / Occitanie / Haute-Garonne
EPI_ISL_9669193	2021-12-25	2022-02-08	Europe / France / Occitanie / Haute-Garonne
EPI_ISL_9669334	2021-12-28	2022-02-08	Europe / France / Occitanie / Haute-Garonne
EPI_ISL_9669764	2021-12-30	2022-02-08	Europe / France / Occitanie / Haute-Garonne
EPI_ISL_9791197	2022-01-07	2022-02-11	Europe / France / Normandie
EPI_ISL_9791244	2022-01-17	2022-02-11	Europe / France / Normandie
EPI_ISL_9791353	2022-01-04	2022-02-11	Europe / France / Normandie
EPI_ISL_9855292	2022-01-08	2022-02-14	Europe / France / Occitanie / Haute-Garonne
EPI_ISL_9858108	2022-01-10	2022-02-14	Europe / France / Occitanie / Hautes-Pyrenees
EPI_ISL_9875536	2021-12-20	2022-02-14	Europe / France / Ile-de-France
EPI_ISL_9875538	2021-12-17	2022-02-14	Europe / France / Occitanie
EPI_ISL_9878370	2022-01-17	2022-02-14	Europe / France / Hauts-de-France / Lille
EPI_ISL_9879444	2021-12-20	2022-02-14	Europe / France / Ile-de-France / Cergy Pontoise
EPI_ISL_9879509	2021-12-19	2022-02-14	Europe / France / Ile-de-France / Cergy Pontoise
EPI_ISL_9879514	2021-12-18	2022-02-14	Europe / France / Ile-de-France / Neuilly Sur Seine
EPI_ISL_9879520	2022-01-17	2022-02-14	Europe / France / Hauts-de-France / Henin Beaumont
EPI_ISL_9879521	2022-01-17	2022-02-14	Europe / France / Hauts-de-France / Henin Beaumont
EPI_ISL_9879522	2022-01-17	2022-02-14	Europe / France / Hauts-de-France / Henin Beaumont
